Request_ID,Source,Destination,Latency_ms,Fidelity
0,router_7_3,router_6_3,0.3000,0.795736
1,router_7_3,router_6_3,0.3000,0.899810
3,router_7_3,router_6_3,0.3000,0.896354
3,router_7_3,router_6_3,0.3000,0.879494
4,router_7_3,router_6_3,0.3000,0.896181
4,router_7_3,router_6_3,0.3000,0.808477
6,router_7_3,router_6_3,0.3000,0.896181
7,router_7_3,router_6_3,0.3000,0.905904
8,router_7_3,router_6_3,0.3000,0.833458
9,router_7_3,router_6_3,0.3000,0.897216
9,router_7_3,router_6_3,0.3000,0.931792
10,router_7_3,router_6_3,0.3000,0.905904
12,router_7_3,router_6_3,0.3000,0.897216
13,router_7_3,router_6_3,0.3000,0.810865
14,router_7_3,router_6_3,0.3000,0.905904
15,router_7_3,router_6_3,0.3000,0.948730
16,router_7_3,router_6_3,0.3000,0.898944
16,router_7_3,router_6_3,0.3000,0.808626
17,router_7_3,router_6_3,0.3000,0.905030
19,router_7_3,router_6_3,0.3000,0.905030
20,router_7_3,router_6_3,0.3000,0.896354
20,router_7_3,router_6_3,0.3000,0.811896
21,router_7_3,router_6_3,0.3000,0.905030
23,router_7_3,router_5_3,0.6000,0.662760
24,router_7_3,router_6_3,0.3000,0.895837
25,router_7_3,router_6_3,0.3000,0.865328
26,router_7_3,router_6_3,0.3000,0.905030
27,router_7_3,router_5_3,1.3000,0.839502
28,router_7_3,router_6_3,0.3000,0.894632
28,router_7_3,router_6_3,0.3000,0.920053
30,router_7_3,router_5_3,0.6000,0.776603
31,router_7_3,router_5_3,0.6000,0.799429
32,router_7_3,router_6_3,0.3000,0.896354
33,router_7_3,router_6_3,0.3000,0.818697
34,router_7_3,router_5_3,0.6000,0.854210
35,router_7_3,router_5_3,0.6000,0.801925
36,router_7_3,router_6_3,0.3000,0.895837
37,router_7_3,router_5_3,0.6000,0.619572
38,router_7_3,router_5_3,0.6000,0.801925
39,router_7_3,router_5_3,0.6000,0.875450
40,router_7_3,router_6_3,0.3000,0.912091
41,router_7_3,router_5_3,0.6000,0.620263
42,router_7_3,router_5_3,0.6000,0.801043
43,router_7_3,router_5_3,0.6000,0.727141
44,router_7_3,router_5_3,0.6000,0.620460
45,router_7_3,router_5_3,0.6000,0.801631
46,router_7_3,router_5_3,1.3000,0.845424
47,router_7_3,router_5_3,2.3001,0.837932
48,router_7_3,router_5_3,0.6000,0.653988
49,router_7_3,router_5_3,0.6000,0.800162
50,router_7_3,router_5_3,1.8000,0.855040
51,router_7_3,router_5_3,0.8000,0.835585
52,router_6_3,router_5_3,0.3000,0.895493
53,router_7_3,router_5_3,0.6000,0.628647
54,router_7_3,router_5_3,0.6000,0.801190
55,router_7_3,router_5_3,1.3000,0.867506
56,router_7_3,router_4_3,1.9000,0.774552
57,router_6_3,router_5_3,2.0000,0.949813
58,router_7_3,router_5_3,0.8000,0.720103
59,router_7_3,router_5_3,1.3000,0.836210
60,router_7_3,router_5_3,1.3000,0.872389
61,router_7_3,router_4_3,2.4000,0.740933
62,router_6_3,router_5_3,0.5000,0.949813
62,router_6_3,router_5_3,2.5001,0.949813
64,router_7_3,router_5_3,0.8000,0.711129
65,router_7_3,router_5_3,0.8000,0.837149
66,router_7_3,router_4_3,1.2000,0.541102
67,router_7_3,router_4_3,1.2000,0.711775
68,router_6_3,router_5_3,1.5000,0.949813
68,router_6_3,router_5_3,0.3000,0.857470
70,router_7_3,router_5_3,0.6000,0.729457
71,router_7_3,router_5_3,0.6000,0.801925
72,router_7_3,router_4_3,1.2000,0.756722
73,router_7_3,router_4_3,1.2000,0.691571
74,router_6_3,router_5_3,0.3000,0.898771
75,router_6_3,router_5_3,0.5000,0.949813
76,router_6_3,router_5_3,0.3000,0.936273
77,router_7_3,router_5_3,0.6000,0.787690
78,router_7_3,router_4_3,1.2000,0.671112
79,router_7_3,router_4_3,1.2000,0.484130
80,router_7_3,router_4_3,1.2000,0.492454
81,router_6_3,router_5_3,1.0000,0.949813
82,router_6_3,router_5_3,0.3000,0.852642
83,router_6_3,router_5_3,0.3000,0.904855
84,router_7_3,router_5_3,0.8000,0.874932
85,router_7_3,router_4_3,1.2000,0.527408
86,router_7_3,router_4_3,1.2000,0.709441
87,router_7_3,router_4_3,1.4000,0.629655
88,router_6_3,router_5_3,1.0000,0.949813
88,router_6_3,router_5_3,3.5001,0.949813
89,router_6_3,router_5_3,0.3000,0.912513
91,router_6_3,router_5_3,0.3000,0.906779
92,router_7_3,router_4_3,1.2000,0.615820
93,router_7_3,router_4_3,1.2000,0.709809
94,router_7_3,router_4_3,1.2000,0.781407
95,router_7_3,router_4_3,1.2000,0.712884
96,router_6_3,router_5_3,4.0001,0.949813
97,router_6_3,router_5_3,1.5000,0.949813
98,router_6_3,router_5_3,0.5000,0.949813
99,router_6_3,router_5_3,0.3000,0.944733
100,router_7_3,router_4_3,1.2000,0.706085
101,router_7_3,router_4_3,1.4000,0.741245
102,router_7_3,router_4_3,1.9000,0.561441
103,router_7_3,router_4_3,3.9001,0.736163
104,router_6_3,router_5_3,2.0000,0.949813
105,router_6_3,router_5_3,1.0000,0.949813
106,router_6_3,router_5_3,2.0000,0.949813
107,router_6_3,router_4_3,3.3001,0.653678
108,router_7_3,router_4_3,3.9001,0.560681
109,router_7_3,router_4_3,1.2000,0.726915
110,router_7_3,router_4_3,1.2000,0.484193
111,router_7_3,router_3_3,1.2000,0.529349
112,router_6_3,router_5_3,0.3000,0.896699
113,router_6_3,router_5_3,0.3000,0.823314
114,router_6_3,router_5_3,0.3000,0.904855
115,router_6_3,router_4_3,0.6000,0.671146
116,router_7_3,router_4_3,1.2000,0.580501
117,router_7_3,router_4_3,1.2000,0.592052
118,router_7_3,router_4_3,1.2000,0.711406
119,router_7_3,router_3_3,3.2001,0.751628
120,router_6_3,router_5_3,2.0000,0.949813
121,router_6_3,router_5_3,3.0001,0.949813
122,router_6_3,router_4_3,0.8000,0.680815
123,router_6_3,router_4_3,0.8000,0.840132
124,router_7_3,router_4_3,1.2000,0.543514
125,router_7_3,router_4_3,1.2000,0.617791
126,router_7_3,router_3_3,1.2000,0.667796
127,router_7_3,router_3_3,1.2000,0.643629
128,router_6_3,router_5_3,1.0000,0.949813
129,router_6_3,router_5_3,1.0000,0.949813
130,router_6_3,router_4_3,0.8000,0.681965
131,router_6_3,router_4_3,0.6000,0.838463
132,router_7_3,router_4_3,1.2000,0.475698
133,router_7_3,router_4_3,1.4000,0.740591
134,router_7_3,router_3_3,1.9000,0.558706
135,router_7_3,router_3_3,1.4000,0.666079
136,router_6_3,router_5_3,0.5000,0.949813
137,router_6_3,router_4_3,0.6000,0.867099
138,router_6_3,router_4_3,0.6000,0.801190
139,router_6_3,router_4_3,0.6000,0.602628
140,router_7_3,router_4_3,1.2000,0.569657
141,router_7_3,router_3_3,1.2000,0.471057
142,router_7_3,router_3_3,1.2000,0.637898
143,router_7_3,router_3_3,1.2000,0.683209
144,router_6_3,router_5_3,0.3000,0.896699
145,router_6_3,router_4_3,0.6000,0.650353
146,router_6_3,router_4_3,0.6000,0.801484
147,router_6_3,router_4_3,1.3000,0.780991
148,router_7_3,router_4_3,1.9000,0.657854
149,router_7_3,router_3_3,1.2000,0.726311
150,router_7_3,router_3_3,1.2000,0.630614
151,router_7_3,router_3_3,1.2000,0.407372
152,router_6_3,router_4_3,0.6000,0.709730
153,router_6_3,router_4_3,0.6000,0.799429
154,router_6_3,router_4_3,0.6000,0.600284
155,router_6_3,router_4_3,0.6000,0.811258
156,router_7_3,router_3_3,1.2000,0.389588
157,router_7_3,router_3_3,1.4000,0.663425
158,router_7_3,router_3_3,1.2000,0.493066
159,router_7_3,router_3_3,1.4000,0.663535
160,router_6_3,router_4_3,0.6000,0.846024
161,router_6_3,router_4_3,0.6000,0.800455
162,router_6_3,router_4_3,0.6000,0.602628
163,router_6_3,router_4_3,0.6000,0.799722
164,router_7_3,router_3_3,2.2000,0.753382
165,router_7_3,router_3_3,1.2000,0.637965
166,router_7_3,router_3_3,1.2000,0.408129
167,router_7_3,router_3_3,1.4000,0.667190
168,router_5_3,router_4_3,0.3000,0.898253
169,router_6_3,router_4_3,0.6000,0.660184
170,router_6_3,router_4_3,0.6000,0.807844
171,router_6_3,router_4_3,0.6000,0.831846
172,router_6_3,router_3_3,1.2000,0.692097
173,router_7_3,router_3_3,1.2000,0.391359
174,router_7_3,router_3_3,1.2000,0.508501
175,router_7_3,router_3_3,2.4000,0.737836
176,router_7_3,router_2_3,3.1000,0.642816
177,router_5_3,router_4_3,0.3000,0.895320
178,router_6_3,router_4_3,0.6000,0.625551
179,router_6_3,router_4_3,0.6000,0.800749
180,router_6_3,router_4_3,0.6000,0.869930
181,router_6_3,router_3_3,1.2000,0.711081
182,router_7_3,router_3_3,3.4001,0.628905
183,router_7_3,router_3_3,2.9000,0.524626
184,router_7_3,router_3_3,2.9000,0.683753
185,router_7_3,router_2_3,2.6000,0.605198
186,router_5_3,router_4_3,0.3000,0.899049
187,router_5_3,router_4_3,0.3000,0.903111
188,router_6_3,router_4_3,0.6000,0.765917
189,router_6_3,router_4_3,0.6000,0.800455
190,router_6_3,router_3_3,1.4000,0.787325
191,router_6_3,router_3_3,1.9000,0.739937
192,router_7_3,router_3_3,1.2000,0.411531
193,router_7_3,router_3_3,1.4000,0.667079
194,router_7_3,router_2_3,2.4000,0.446989
195,router_7_3,router_2_3,2.4000,0.595160
196,router_5_3,router_4_3,2.0000,0.949813
197,router_5_3,router_4_3,0.5000,0.949813
198,router_6_3,router_4_3,0.8000,0.680241
199,router_6_3,router_4_3,0.8000,0.873645
200,router_6_3,router_3_3,3.9001,0.555840
201,router_6_3,router_3_3,1.9000,0.606109
202,router_7_3,router_3_3,2.4000,0.572936
203,router_7_3,router_3_3,1.4000,0.601539
204,router_7_3,router_2_3,4.6001,0.496593
205,router_7_3,router_2_3,2.4000,0.576599
206,router_5_3,router_4_3,0.3000,0.893602
206,router_5_3,router_4_3,0.3000,0.810865
207,router_5_3,router_4_3,0.3000,0.905904
209,router_6_3,router_4_3,0.6000,0.628448
210,router_6_3,router_3_3,1.2000,0.737535
211,router_6_3,router_3_3,2.9000,0.559619
212,router_6_3,router_3_3,1.9000,0.736941
213,router_7_3,router_3_3,1.2000,0.493718
214,router_7_3,router_2_3,5.6001,0.610686
215,router_7_3,router_2_3,2.4000,0.644542
216,router_7_3,router_2_3,2.4000,0.571182
217,router_5_3,router_4_3,0.3000,0.897044
218,router_5_3,router_4_3,0.3000,0.808477
219,router_5_3,router_4_3,0.3000,0.907655
220,router_6_3,router_4_3,0.8000,0.868516
221,router_6_3,router_3_3,1.9000,0.734852
222,router_6_3,router_3_3,1.9000,0.697535
223,router_6_3,router_3_3,2.9000,0.666607
224,router_7_3,router_3_3,3.7001,0.749354
225,router_7_3,router_2_3,2.4000,0.353886
226,router_7_3,router_2_3,2.4000,0.569473
227,router_7_3,router_2_3,2.4000,0.475922
228,router_5_3,router_4_3,0.3000,0.894461
228,router_5_3,router_4_3,0.3000,0.808626
230,router_5_3,router_4_3,0.3000,0.905030
231,router_5_3,router_4_3,0.3000,0.913837
232,router_6_3,router_3_3,1.2000,0.663334
233,router_6_3,router_3_3,1.2000,0.713008
234,router_6_3,router_3_3,1.4000,0.564613
235,router_6_3,router_3_3,2.4000,0.783655
236,router_7_3,router_2_3,2.7000,0.430883
237,router_7_3,router_2_3,2.7000,0.620631
238,router_7_3,router_2_3,2.4000,0.449117
239,router_7_3,router_2_3,2.4000,0.570840
240,router_5_3,router_4_3,0.3000,0.894976
241,router_5_3,router_4_3,0.3000,0.938663
242,router_5_3,router_4_3,0.3000,0.906779
243,router_5_3,router_4_3,0.3000,0.905030
244,router_6_3,router_3_3,1.2000,0.590031
245,router_6_3,router_3_3,1.2000,0.712144
246,router_6_3,router_3_3,1.2000,0.734820
247,router_6_3,router_3_3,1.2000,0.710177
248,router_7_3,router_2_3,6.6001,0.357002
249,router_7_3,router_2_3,2.6000,0.587874
250,router_7_3,router_2_3,3.6000,0.627144
251,router_7_3,router_2_3,2.4000,0.353667
252,router_5_3,router_4_3,0.3000,0.902937
253,router_5_3,router_4_3,0.3000,0.904855
254,router_5_3,router_4_3,0.3000,0.894289
255,router_5_3,router_3_3,0.6000,0.730973
256,router_6_3,router_3_3,1.2000,0.636762
257,router_6_3,router_3_3,1.9000,0.741114
258,router_6_3,router_3_3,1.4000,0.561358
259,router_6_3,router_2_3,1.2000,0.697827
260,router_7_3,router_2_3,3.6000,0.383980
261,router_7_3,router_2_3,3.1000,0.590316
262,router_7_3,router_2_3,3.1000,0.476090
263,router_7_3,router_1_3,3.6000,0.555660
264,router_5_3,router_4_3,0.3000,0.855421
265,router_5_3,router_4_3,3.5001,0.949813
265,router_5_3,router_4_3,0.3000,0.908532
267,router_5_3,router_3_3,0.8000,0.878464
268,router_6_3,router_3_3,2.4000,0.775532
269,router_6_3,router_3_3,1.4000,0.778201
270,router_6_3,router_3_3,1.2000,0.554054
271,router_6_3,router_2_3,1.2000,0.505504
272,router_7_3,router_2_3,2.4000,0.622183
273,router_7_3,router_2_3,2.4000,0.570497
274,router_7_3,router_2_3,2.4000,0.353269
275,router_7_3,router_1_3,2.4000,0.429942
276,router_5_3,router_4_3,2.0001,0.949813
276,router_5_3,router_4_3,0.3000,0.810275
278,router_5_3,router_3_3,1.8000,0.836367
279,router_5_3,router_3_3,1.8000,0.836367
280,router_6_3,router_3_3,1.2000,0.583963
281,router_6_3,router_3_3,1.4000,0.799700
282,router_6_3,router_2_3,1.9000,0.689854
283,router_6_3,router_2_3,4.9001,0.690397
284,router_7_3,router_2_3,5.1001,0.365526
285,router_7_3,router_2_3,2.4000,0.687061
286,router_7_3,router_1_3,2.4000,0.319051
287,router_7_3,router_1_3,2.4000,0.523274
288,router_5_3,router_4_3,0.3000,0.896354
289,router_5_3,router_4_3,0.5000,0.949813
290,router_5_3,router_3_3,1.8000,0.750098
291,router_5_3,router_3_3,1.3000,0.837932
292,router_6_3,router_3_3,1.2000,0.717058
293,router_6_3,router_3_3,1.2000,0.711037
294,router_6_3,router_2_3,1.2000,0.387338
295,router_6_3,router_2_3,1.2000,0.638519
296,router_7_3,router_2_3,2.4000,0.630427
297,router_7_3,router_2_3,2.4000,0.569985
298,router_7_3,router_1_3,2.4000,0.314847
299,router_7_3,router_1_3,2.4000,0.538090
300,router_5_3,router_4_3,0.5000,0.949813
301,router_5_3,router_3_3,0.6000,0.650842
302,router_5_3,router_3_3,0.6000,0.801043
303,router_5_3,router_3_3,0.6000,0.800749
304,router_6_3,router_3_3,1.2000,0.562378
305,router_6_3,router_2_3,1.2000,0.748209
306,router_6_3,router_2_3,1.4000,0.459393
307,router_6_3,router_2_3,1.4000,0.665082
308,router_7_3,router_2_3,3.1000,0.514368
309,router_7_3,router_1_3,3.6000,0.553143
310,router_7_3,router_1_3,5.6001,0.371941
311,router_7_3,router_1_3,2.4000,0.537370
312,router_5_3,router_4_3,0.3000,0.895665
313,router_5_3,router_3_3,0.6000,0.820818
314,router_5_3,router_3_3,0.6000,0.800896
315,router_5_3,router_3_3,0.6000,0.599724
316,router_6_3,router_3_3,1.2000,0.556201
317,router_6_3,router_2_3,1.2000,0.721542
318,router_6_3,router_2_3,1.9000,0.458278
319,router_6_3,router_2_3,1.4000,0.662874
320,router_7_3,router_2_3,2.4000,0.364894
321,router_7_3,router_1_3,2.4000,0.446227
322,router_7_3,router_1_3,2.4000,0.366949
323,router_7_3,router_1_3,2.4000,0.522037
324,router_5_3,router_3_3,0.6000,0.701673
325,router_5_3,router_3_3,0.6000,0.801190
326,router_5_3,router_3_3,0.6000,0.599818
327,router_5_3,router_3_3,0.6000,0.805941
328,router_6_3,router_2_3,1.2000,0.389449
329,router_6_3,router_2_3,1.2000,0.639972
330,router_6_3,router_2_3,1.2000,0.487128
331,router_6_3,router_2_3,1.2000,0.638208
332,router_7_3,router_1_3,2.4000,0.607305
333,router_7_3,router_1_3,2.4000,0.521892
334,router_7_3,router_1_3,2.4000,0.319025
335,router_7_3,router_1_3,2.4000,0.520951
336,router_5_3,router_3_3,0.6000,0.654785
337,router_5_3,router_3_3,0.6000,0.800749
338,router_5_3,router_3_3,0.6000,0.784848
339,router_5_3,router_3_3,0.6000,0.803104
340,router_6_3,router_2_3,1.2000,0.366067
341,router_6_3,router_2_3,1.2000,0.640597
342,router_6_3,router_2_3,1.2000,0.665936
343,router_6_3,router_2_3,1.2000,0.636247
344,router_7_3,router_1_3,3.1000,0.479494
345,router_7_3,router_1_3,2.6000,0.538320
346,router_7_3,router_1_3,2.4000,0.591759
347,router_7_3,router_1_3,2.4000,0.521820
348,router_4_3,router_3_3,0.3000,0.896181
349,router_5_3,router_3_3,0.6000,0.619276
350,router_5_3,router_3_3,0.6000,0.800015
351,router_5_3,router_3_3,1.3000,0.863937
352,router_5_3,router_2_3,2.4000,0.729632
353,router_6_3,router_2_3,4.9001,0.583260
354,router_6_3,router_2_3,1.2000,0.405147
355,router_6_3,router_2_3,1.9000,0.749293
356,router_6_3,router_1_3,2.6000,0.434941
357,router_7_3,router_1_3,4.1001,0.471605
358,router_7_3,router_1_3,2.4000,0.420977
359,router_7_3,router_1_3,2.4000,0.520879
360,router_7_3,router_0_3,2.4000,0.293008
361,router_4_3,router_3_3,0.3000,0.898228
362,router_5_3,router_3_3,0.6000,0.623168
363,router_5_3,router_3_3,0.6000,0.799722
364,router_5_3,router_3_3,0.8000,0.801333
365,router_5_3,router_2_3,1.9000,0.775532
366,router_6_3,router_2_3,1.9000,0.435657
367,router_6_3,router_2_3,1.2000,0.686917
368,router_6_3,router_2_3,1.2000,0.408678
369,router_6_3,router_1_3,4.6001,0.492837
370,router_7_3,router_1_3,2.4000,0.392198
371,router_7_3,router_1_3,2.4000,0.519798
372,router_7_3,router_1_3,2.4000,0.629912
373,router_7_3,router_0_3,2.4000,0.477035
374,router_4_3,router_3_3,0.3000,0.897216
375,router_4_3,router_3_3,0.3000,0.906604
376,router_5_3,router_3_3,0.6000,0.772396
377,router_5_3,router_3_3,0.6000,0.800455
378,router_5_3,router_2_3,3.9001,0.746616
379,router_5_3,router_2_3,2.4000,0.732289
380,router_6_3,router_2_3,1.9000,0.429505
381,router_6_3,router_2_3,1.4000,0.662874
382,router_6_3,router_1_3,2.4000,0.620037
383,router_6_3,router_1_3,2.4000,0.571268
384,router_7_3,router_1_3,2.4000,0.320910
385,router_7_3,router_1_3,2.4000,0.520951
386,router_7_3,router_0_3,2.4000,0.579014
387,router_7_3,router_0_3,2.4000,0.476719
388,router_4_3,router_3_3,0.3000,0.897216
389,router_4_3,router_3_3,0.3000,0.809073
390,router_5_3,router_3_3,0.6000,0.660224
391,router_5_3,router_3_3,0.8000,0.858992
392,router_5_3,router_2_3,1.4000,0.726546
393,router_5_3,router_2_3,1.4000,0.740722
394,router_6_3,router_2_3,3.4001,0.423576
395,router_6_3,router_2_3,1.2000,0.735537
396,router_6_3,router_1_3,7.6002,0.384474
397,router_6_3,router_1_3,3.6000,0.581625
398,router_7_3,router_1_3,3.1000,0.441191
399,router_7_3,router_1_3,2.4000,0.628997
400,router_7_3,router_0_3,2.4000,0.296895
401,router_7_3,router_0_3,2.4000,0.478577
402,router_4_3,router_3_3,0.3000,0.896182
403,router_4_3,router_3_3,0.3000,0.842562
404,router_4_3,router_3_3,0.3000,0.904855
405,router_5_3,router_3_3,0.6000,0.686150
406,router_5_3,router_2_3,1.2000,0.591637
407,router_5_3,router_2_3,1.4000,0.684461
408,router_5_3,router_2_3,1.4000,0.679358
409,router_6_3,router_2_3,1.9000,0.420482
410,router_6_3,router_1_3,2.4000,0.629200
411,router_6_3,router_1_3,2.4000,0.354349
412,router_6_3,router_1_3,2.4000,0.572297
413,router_7_3,router_1_3,2.4000,0.391329
414,router_7_3,router_0_3,2.4000,0.442100
415,router_7_3,router_0_3,5.1001,0.586675
416,router_7_3,router_0_3,3.6000,0.504713
417,router_4_3,router_3_3,0.3000,0.810118
418,router_4_3,router_3_3,0.3000,0.909411
419,router_4_3,router_3_3,0.3000,0.896354
420,router_5_3,router_3_3,4.3001,0.872102
421,router_5_3,router_2_3,1.9000,0.725954
422,router_5_3,router_2_3,1.9000,0.559785
423,router_5_3,router_2_3,1.9000,0.738763
424,router_6_3,router_2_3,1.4000,0.753865
425,router_6_3,router_1_3,3.1000,0.592360
426,router_6_3,router_1_3,2.4000,0.355775
427,router_6_3,router_1_3,2.4000,0.572125
428,router_7_3,router_1_3,2.4000,0.364118
429,router_7_3,router_0_3,2.4000,0.432459
430,router_7_3,router_0_3,3.1000,0.541747
431,router_7_3,router_0_3,3.6000,0.505189
432,router_4_3,router_3_3,0.5000,0.949813
432,router_4_3,router_3_3,0.5000,0.949813
433,router_4_3,router_3_3,0.5000,0.949813
435,router_4_3,router_3_3,0.3000,0.917877
436,router_5_3,router_2_3,1.2000,0.677142
437,router_5_3,router_2_3,1.2000,0.659025
438,router_5_3,router_2_3,1.2000,0.484318
439,router_5_3,router_2_3,1.2000,0.796714
440,router_6_3,router_1_3,4.1001,0.383246
441,router_6_3,router_1_3,2.6000,0.588686
442,router_6_3,router_1_3,2.4000,0.457650
443,router_6_3,router_1_3,2.4000,0.574799
444,router_7_3,router_0_3,2.4000,0.279066
445,router_7_3,router_0_3,2.4000,0.479446
446,router_7_3,router_0_3,2.4000,0.297270
447,router_7_3,router_0_3,2.4000,0.477361
448,router_4_3,router_3_3,0.3000,0.902415
449,router_4_3,router_3_3,0.3000,0.809861
450,router_4_3,router_3_3,0.3000,0.910291
451,router_4_3,router_3_3,0.3000,0.905904
452,router_5_3,router_2_3,1.2000,0.476560
453,router_5_3,router_2_3,1.9000,0.744004
454,router_5_3,router_2_3,1.2000,0.761601
455,router_5_3,router_2_3,2.9001,0.737331
456,router_6_3,router_1_3,2.6000,0.526719
457,router_6_3,router_1_3,8.1002,0.576623
458,router_6_3,router_1_3,4.6001,0.576623
459,router_6_3,router_1_3,4.1001,0.585629
460,router_7_3,router_0_3,2.4000,0.348936
461,router_7_3,router_0_3,2.4000,0.475790
462,router_7_3,router_0_3,2.4000,0.555042
463,router_7_3,router_0_3,2.4000,0.479983
464,router_4_3,router_3_3,0.3000,0.896871
465,router_4_3,router_3_3,0.3000,0.809670
466,router_4_3,router_3_3,0.3000,0.904855
467,router_4_3,router_2_3,0.6000,0.861109
468,router_5_3,router_2_3,1.2000,0.702771
469,router_5_3,router_2_3,1.2000,0.465048
470,router_5_3,router_2_3,1.4000,0.741114
471,router_5_3,router_1_3,1.2000,0.467191
472,router_6_3,router_1_3,2.6000,0.527374
473,router_6_3,router_1_3,2.4000,0.604094
474,router_6_3,router_1_3,2.4000,0.572040
475,router_6_3,router_0_3,2.4000,0.311050
476,router_7_3,router_0_3,2.4000,0.397042
477,router_7_3,router_0_3,2.4000,0.532749
478,router_7_3,router_0_3,2.4000,0.297654
479,router_7_3,router_7_2,0.5000,0.949813
480,router_4_3,router_3_3,0.3000,0.896354
481,router_4_3,router_3_3,0.3000,0.873334
482,router_4_3,router_3_3,0.3000,0.905554
483,router_4_3,router_2_3,0.6000,0.709531
484,router_5_3,router_2_3,1.2000,0.609395
485,router_5_3,router_2_3,1.2000,0.690191
486,router_5_3,router_2_3,1.2000,0.670957
487,router_5_3,router_1_3,1.4000,0.429975
488,router_6_3,router_1_3,2.6000,0.468501
489,router_6_3,router_1_3,2.4000,0.588147
490,router_6_3,router_1_3,2.4000,0.355852
491,router_6_3,router_0_3,2.4000,0.437416
492,router_7_3,router_0_3,7.1001,0.382895
493,router_7_3,router_0_3,3.1000,0.501675
494,router_7_3,router_0_3,4.1001,0.506964
495,router_7_3,router_7_2,0.3000,0.717623
496,router_4_3,router_3_3,0.3000,0.896181
496,router_4_3,router_3_3,0.3000,0.857147
498,router_4_3,router_2_3,0.6000,0.728075
499,router_4_3,router_2_3,0.6000,0.801925
500,router_5_3,router_2_3,1.2000,0.751935
501,router_5_3,router_2_3,1.2000,0.713255
502,router_5_3,router_1_3,1.2000,0.391085
503,router_5_3,router_1_3,1.2000,0.641849
504,router_6_3,router_1_3,2.4000,0.672478
505,router_6_3,router_1_3,2.4000,0.570668
506,router_6_3,router_0_3,2.4000,0.314636
507,router_6_3,router_0_3,2.4000,0.522255
508,router_7_3,router_0_3,3.1000,0.611821
509,router_7_3,router_0_3,5.1001,0.488230
510,router_7_3,router_7_2,0.3000,0.855856
511,router_7_3,router_7_2,0.3000,0.713946
512,router_4_3,router_3_3,0.3000,0.855238
513,router_4_3,router_3_3,0.3000,0.809371
514,router_4_3,router_2_3,0.6000,0.690692
515,router_4_3,router_2_3,0.6000,0.805071
516,router_5_3,router_2_3,1.2000,0.470493
517,router_5_3,router_2_3,1.2000,0.569361
518,router_5_3,router_1_3,1.2000,0.486651
519,router_5_3,router_1_3,2.9001,0.663204
520,router_6_3,router_1_3,2.4000,0.653603
521,router_6_3,router_1_3,2.4000,0.595620
522,router_6_3,router_0_3,2.5000,0.333644
523,router_6_3,router_0_3,2.4000,0.537859
524,router_7_3,router_0_3,3.1000,0.583294
525,router_7_3,router_0_3,3.1000,0.493814
526,router_7_3,router_7_2,0.3000,0.897562
527,router_7_3,router_7_2,0.3000,0.847726
528,router_4_3,router_3_3,0.3000,0.864162
529,router_4_3,router_2_3,0.6000,0.650353
530,router_4_3,router_2_3,0.6000,0.871522
531,router_4_3,router_2_3,0.6000,0.599911
532,router_5_3,router_2_3,1.2000,0.593263
533,router_5_3,router_1_3,1.2000,0.547766
534,router_5_3,router_1_3,1.2000,0.639557
535,router_5_3,router_1_3,2.4000,0.459281
536,router_6_3,router_1_3,2.4000,0.621045
537,router_6_3,router_0_3,2.4000,0.316048
538,router_6_3,router_0_3,2.4000,0.519223
539,router_6_3,router_0_3,2.4000,0.390457
540,router_7_3,router_0_3,2.4000,0.440759
541,router_7_3,router_7_2,0.3000,0.896871
542,router_7_3,router_7_2,0.3000,0.761911
543,router_7_3,router_7_2,0.3000,0.906779
544,router_4_3,router_3_3,0.3000,0.817787
545,router_4_3,router_2_3,0.6000,0.699797
546,router_4_3,router_2_3,0.6000,0.800455
547,router_4_3,router_2_3,1.8000,0.877421
548,router_5_3,router_2_3,2.9001,0.773853
549,router_5_3,router_1_3,1.4000,0.493652
550,router_5_3,router_1_3,4.9001,0.548080
551,router_5_3,router_1_3,1.2000,0.466251
552,router_6_3,router_1_3,2.4000,0.460022
553,router_6_3,router_0_3,2.4000,0.555692
554,router_6_3,router_0_3,2.4000,0.520951
555,router_6_3,router_0_3,2.4000,0.319710
556,router_7_3,router_0_3,2.4000,0.398732
558,router_7_3,router_7_2,0.3000,0.896354
558,router_7_3,router_7_2,0.3000,0.942768
559,router_7_3,router_7_2,0.3000,0.905554
560,router_4_3,router_2_3,0.6000,0.583818
561,router_4_3,router_2_3,0.6000,0.802367
562,router_4_3,router_2_3,0.8000,0.869493
563,router_4_3,router_2_3,0.8000,0.836993
564,router_5_3,router_1_3,2.9001,0.598747
565,router_5_3,router_1_3,1.4000,0.662324
566,router_5_3,router_1_3,1.2000,0.408053
567,router_5_3,router_1_3,2.4000,0.724408
568,router_6_3,router_0_3,4.0001,0.397358
569,router_6_3,router_0_3,7.1001,0.565514
570,router_6_3,router_0_3,3.5001,0.570432
571,router_6_3,router_0_3,2.4000,0.526893
573,router_7_3,router_7_2,0.3000,0.861792
574,router_7_3,router_7_2,0.3000,0.896181
574,router_7_3,router_7_2,0.3000,0.905554
575,router_7_3,router_7_2,0.3000,0.906253
576,router_4_3,router_2_3,0.6000,0.823866
577,router_4_3,router_2_3,0.6000,0.799722
578,router_4_3,router_2_3,0.6000,0.802661
579,router_4_3,router_2_3,0.6000,0.803399
580,router_5_3,router_1_3,1.2000,0.485163
581,router_5_3,router_1_3,1.4000,0.664087
582,router_5_3,router_1_3,1.2000,0.525447
583,router_5_3,router_1_3,1.2000,0.580467
584,router_6_3,router_0_3,2.4000,0.294984
585,router_6_3,router_0_3,3.6000,0.568825
586,router_6_3,router_0_3,4.6001,0.373380
587,router_6_3,router_0_3,3.6000,0.556067
588,router_7_3,router_7_2,0.3000,0.896871
589,router_7_3,router_7_2,0.3000,0.669358
590,router_7_3,router_7_2,0.3000,0.917927
591,router_7_3,router_7_2,0.3000,0.906253
592,router_3_3,router_2_3,0.3000,0.823426
593,router_4_3,router_2_3,0.6000,0.538102
594,router_4_3,router_2_3,0.6000,0.844332
595,router_4_3,router_2_3,0.6000,0.600284
596,router_4_3,router_1_3,1.2000,0.584402
597,router_5_3,router_1_3,1.2000,0.522244
598,router_5_3,router_1_3,1.2000,0.638830
599,router_5_3,router_1_3,1.2000,0.406618
600,router_5_3,router_0_3,2.4000,0.586880
601,router_6_3,router_0_3,2.4000,0.315246
602,router_6_3,router_0_3,2.4000,0.521458
603,router_6_3,router_0_3,2.4000,0.375253
604,router_6_3,router_7_2,0.8000,0.878296
605,router_7_3,router_7_2,0.3000,0.896871
606,router_7_3,router_7_2,0.3000,0.786399
607,router_7_3,router_7_2,0.3000,0.905554
608,router_7_3,router_6_2,0.8000,0.660185
609,router_3_3,router_2_3,0.3000,0.813864
610,router_4_3,router_2_3,0.6000,0.757091
611,router_4_3,router_2_3,0.6000,0.800455
612,router_4_3,router_2_3,0.6000,0.600752
613,router_4_3,router_1_3,1.2000,0.793857
614,router_5_3,router_1_3,1.2000,0.404670
615,router_5_3,router_1_3,1.2000,0.535998
616,router_5_3,router_1_3,1.2000,0.538269
617,router_5_3,router_0_3,2.4000,0.533225
618,router_6_3,router_0_3,2.4000,0.305773
619,router_6_3,router_0_3,2.4000,0.550402
620,router_6_3,router_0_3,2.4000,0.319580
621,router_6_3,router_7_2,1.8000,0.678246
622,router_7_3,router_7_2,0.3000,0.896181
622,router_7_3,router_7_2,0.3000,0.680447
624,router_7_3,router_7_2,0.3000,0.946905
625,router_7_3,router_6_2,1.8000,0.822781
627,router_3_3,router_2_3,0.3000,0.832989
627,router_3_3,router_2_3,0.3000,0.894833
628,router_4_3,router_2_3,0.6000,0.757052
629,router_4_3,router_2_3,0.6000,0.801631
630,router_4_3,router_1_3,1.2000,0.438421
631,router_4_3,router_1_3,1.2000,0.738521
632,router_5_3,router_1_3,1.2000,0.398557
633,router_5_3,router_1_3,1.2000,0.637485
634,router_5_3,router_0_3,2.4000,0.437976
635,router_5_3,router_0_3,2.4000,0.574453
636,router_6_3,router_0_3,2.4000,0.619051
637,router_6_3,router_0_3,2.4000,0.520446
638,router_6_3,router_7_2,2.3001,0.827059
639,router_6_3,router_7_2,2.3000,0.782298
641,router_7_3,router_7_2,0.3000,0.851773
641,router_7_3,router_7_2,0.3000,0.808626
642,router_7_3,router_6_2,0.8000,0.720570
643,router_7_3,router_6_2,1.3000,0.871229
644,router_3_3,router_2_3,0.3000,0.850971
645,router_3_3,router_2_3,0.3000,0.809371
646,router_4_3,router_2_3,0.6000,0.865663
647,router_4_3,router_2_3,0.6000,0.803104
648,router_4_3,router_1_3,1.2000,0.466619
649,router_4_3,router_1_3,1.2000,0.565949
650,router_5_3,router_1_3,1.2000,0.471631
651,router_5_3,router_1_3,1.2000,0.639972
652,router_5_3,router_0_3,2.4000,0.626398
653,router_5_3,router_0_3,2.4000,0.570241
654,router_6_3,router_0_3,2.4000,0.312029
655,router_6_3,router_0_3,2.4000,0.518721
656,router_6_3,router_7_2,3.3001,0.824143
657,router_6_3,router_7_2,2.8001,0.865701
658,router_7_3,router_7_2,0.3000,0.803643
659,router_7_3,router_7_2,0.3000,0.886143
660,router_7_3,router_6_2,0.8000,0.784677
661,router_7_3,router_6_2,1.8000,0.835585
662,router_3_3,router_2_3,0.3000,0.939991
663,router_3_3,router_2_3,0.3000,0.905554
664,router_3_3,router_2_3,0.3000,0.758871
665,router_4_3,router_2_3,1.3000,0.704990
666,router_4_3,router_1_3,1.2000,0.640654
667,router_4_3,router_1_3,1.2000,0.646321
668,router_4_3,router_1_3,1.4000,0.562106
669,router_5_3,router_1_3,1.2000,0.664459
670,router_5_3,router_0_3,2.6000,0.383334
671,router_5_3,router_0_3,2.6000,0.593324
672,router_5_3,router_0_3,2.4000,0.426255
673,router_6_3,router_0_3,2.4000,0.472858
674,router_6_3,router_7_2,0.6000,0.572606
675,router_6_3,router_7_2,0.6000,0.802514
676,router_6_3,router_7_2,0.6000,0.799575
677,router_7_3,router_7_2,0.3000,0.811613
678,router_7_3,router_6_2,0.8000,0.874405
679,router_7_3,router_6_2,0.6000,0.800766
680,router_7_3,router_6_2,0.6000,0.599631
682,router_3_3,router_2_3,0.3000,0.857326
683,router_3_3,router_2_3,0.3000,0.695987
683,router_3_3,router_2_3,0.3000,0.907655
684,router_4_3,router_2_3,0.6000,0.504139
685,router_4_3,router_1_3,2.9001,0.773434
686,router_4_3,router_1_3,1.4000,0.645959
687,router_4_3,router_1_3,1.2000,0.647370
688,router_5_3,router_1_3,1.2000,0.553714
689,router_5_3,router_0_3,2.6000,0.365550
690,router_5_3,router_0_3,2.4000,0.651905
691,router_5_3,router_0_3,2.4000,0.353628
692,router_6_3,router_0_3,3.1000,0.538167
693,router_6_3,router_7_2,0.6000,0.494847
694,router_6_3,router_7_2,0.6000,0.620596
695,router_6_3,router_7_2,0.6000,0.869828
696,router_7_3,router_7_2,0.3000,0.696393
697,router_7_3,router_6_2,1.8000,0.836367
698,router_7_3,router_6_2,3.3001,0.831539
699,router_7_3,router_6_2,1.3000,0.714214
700,router_3_3,router_2_3,1.0000,0.949813
700,router_3_3,router_2_3,0.3000,0.909422
701,router_3_3,router_2_3,0.3000,0.909411
702,router_3_3,router_2_3,0.3000,0.906779
704,router_4_3,router_1_3,1.4000,0.781167
705,router_4_3,router_1_3,1.4000,0.653099
706,router_4_3,router_1_3,1.2000,0.755097
707,router_4_3,router_1_3,1.2000,0.712884
708,router_5_3,router_0_3,2.6000,0.531110
709,router_5_3,router_0_3,6.1001,0.583221
710,router_5_3,router_0_3,2.4000,0.655332
711,router_5_3,router_0_3,2.4000,0.571954
712,router_6_3,router_7_2,0.6000,0.699108
713,router_6_3,router_7_2,0.6000,0.803104
714,router_6_3,router_7_2,0.6000,0.876593
715,router_6_3,router_7_2,0.6000,0.800749
716,router_7_3,router_6_2,1.3000,0.836680
717,router_7_3,router_6_2,1.3000,0.835585
718,router_7_3,router_6_2,1.8000,0.718067
719,router_7_3,router_6_2,0.8000,0.853577
720,router_3_3,router_2_3,0.3000,0.871069
720,router_3_3,router_2_3,0.3000,0.808626
721,router_3_3,router_2_3,0.3000,0.905904
723,router_3_3,router_2_3,0.3000,0.905030
724,router_4_3,router_1_3,1.2000,0.782008
725,router_4_3,router_1_3,1.2000,0.710422
726,router_4_3,router_1_3,1.9000,0.565622
727,router_4_3,router_1_3,3.9001,0.733190
728,router_5_3,router_0_3,2.4000,0.694970
729,router_5_3,router_0_3,2.4000,0.572304
730,router_5_3,router_0_3,2.4000,0.353628
731,router_5_3,router_0_3,2.4000,0.573503
732,router_6_3,router_7_2,0.6000,0.762667
733,router_6_3,router_7_2,2.3000,0.628099
734,router_6_3,router_7_2,0.6000,0.807957
735,router_6_3,router_7_2,0.6000,0.599724
736,router_7_3,router_6_2,0.6000,0.636891
737,router_7_3,router_6_2,0.6000,0.801190
738,router_7_3,router_6_2,0.6000,0.843986
739,router_7_3,router_6_2,0.6000,0.800455
741,router_3_3,router_2_3,0.3000,0.809371
742,router_3_3,router_2_3,0.3000,0.836608
742,router_3_3,router_2_3,0.3000,0.906779
743,router_3_3,router_1_3,0.8000,0.776364
744,router_4_3,router_1_3,1.9000,0.809277
745,router_4_3,router_1_3,1.2000,0.711529
746,router_4_3,router_1_3,3.4001,0.560115
747,router_4_3,router_0_3,1.4000,0.530667
748,router_5_3,router_0_3,2.4000,0.406524
749,router_5_3,router_0_3,2.4000,0.571268
750,router_5_3,router_0_3,2.4000,0.602565
751,router_5_3,router_7_2,2.4000,0.746239
752,router_6_3,router_7_2,0.8000,0.834337
753,router_6_3,router_7_2,0.8000,0.717818
754,router_6_3,router_7_2,0.6000,0.852474
755,router_6_3,router_6_2,0.3000,0.904506
756,router_7_3,router_6_2,0.6000,0.748264
757,router_7_3,router_6_2,0.6000,0.799722
758,router_7_3,router_6_2,0.6000,0.599352
759,router_7_3,router_5_2,1.9000,0.762736
760,router_3_3,router_2_3,0.3000,0.853705
761,router_3_3,router_2_3,0.3000,0.801975
762,router_3_3,router_2_3,0.3000,0.907655
763,router_3_3,router_1_3,0.6000,0.718184
764,router_4_3,router_1_3,2.1000,0.613469
765,router_4_3,router_1_3,1.2000,0.741901
766,router_4_3,router_1_3,2.4000,0.622803
767,router_4_3,router_0_3,2.4000,0.606781
768,router_5_3,router_0_3,2.4000,0.344736
769,router_5_3,router_0_3,2.4000,0.573934
770,router_5_3,router_0_3,2.4000,0.406559
771,router_5_3,router_7_2,2.1000,0.565745
772,router_6_3,router_7_2,0.6000,0.723179
773,router_6_3,router_7_2,0.6000,0.657963
774,router_6_3,router_7_2,0.6000,0.740891
775,router_6_3,router_6_2,0.3000,0.905379
776,router_7_3,router_6_2,0.8000,0.839502
777,router_7_3,router_6_2,3.8001,0.834805
778,router_7_3,router_6_2,0.6000,0.774629
779,router_7_3,router_5_2,1.4000,0.703945
780,router_3_3,router_2_3,4.0001,0.949813
781,router_3_3,router_2_3,0.3000,0.910121
782,router_3_3,router_1_3,0.6000,0.767795
783,router_3_3,router_1_3,0.6000,0.802661
784,router_4_3,router_1_3,1.2000,0.444177
785,router_4_3,router_1_3,1.9000,0.786213
786,router_4_3,router_0_3,1.9000,0.452161
787,router_4_3,router_0_3,1.4000,0.662654
788,router_5_3,router_0_3,2.4000,0.456662
789,router_5_3,router_0_3,2.4000,0.573848
790,router_5_3,router_7_2,2.5001,0.555099
791,router_5_3,router_7_2,1.3000,0.737396
792,router_6_3,router_7_2,1.3000,0.688793
793,router_6_3,router_7_2,0.7000,0.794937
794,router_6_3,router_6_2,0.5000,0.949813
795,router_6_3,router_6_2,0.3000,0.904855
796,router_7_3,router_6_2,0.6000,0.697752
797,router_7_3,router_6_2,0.6000,0.803989
798,router_7_3,router_5_2,1.2000,0.671317
799,router_7_3,router_5_2,1.2000,0.714740
800,router_3_3,router_2_3,0.3000,0.792468
801,router_3_3,router_2_3,0.3000,0.810865
802,router_3_3,router_1_3,1.3000,0.734724
802,router_3_3,router_1_3,0.6000,0.850934
804,router_4_3,router_1_3,1.2000,0.702045
805,router_4_3,router_1_3,1.9000,0.561690
806,router_4_3,router_0_3,1.4000,0.529614
807,router_4_3,router_0_3,1.2000,0.459211
808,router_5_3,router_0_3,2.4000,0.512993
809,router_5_3,router_0_3,2.4000,0.591681
810,router_5_3,router_7_2,5.9001,0.734446
811,router_5_3,router_7_2,3.4001,0.763411
812,router_6_3,router_7_2,0.6000,0.626087
813,router_6_3,router_7_2,0.6000,0.530280
814,router_6_3,router_6_2,1.5000,0.949813
815,router_6_3,router_6_2,1.5000,0.949813
816,router_7_3,router_6_2,3.3001,0.766695
817,router_7_3,router_6_2,1.8000,0.832781
818,router_7_3,router_5_2,1.2000,0.762206
819,router_7_3,router_5_2,1.9000,0.740591
820,router_3_3,router_2_3,0.3000,0.828698
821,router_3_3,router_1_3,0.6000,0.813998
822,router_3_3,router_1_3,0.6000,0.805469
823,router_3_3,router_1_3,0.6000,0.599631
824,router_4_3,router_1_3,1.2000,0.553547
825,router_4_3,router_0_3,1.2000,0.708015
826,router_4_3,router_0_3,1.2000,0.406493
827,router_4_3,router_0_3,1.2000,0.639661
828,router_5_3,router_0_3,2.4000,0.461386
829,router_5_3,router_7_2,1.7000,0.698061
830,router_5_3,router_7_2,1.7000,0.775462
831,router_5_3,router_7_2,1.3000,0.757316
832,router_6_3,router_7_2,0.6000,0.681357
833,router_6_3,router_6_2,0.3000,0.810865
834,router_6_3,router_6_2,0.3000,0.905030
835,router_6_3,router_6_2,0.3000,0.937377
836,router_7_3,router_6_2,0.6000,0.802565
837,router_7_3,router_5_2,1.2000,0.640250
838,router_7_3,router_5_2,1.4000,0.562523
839,router_7_3,router_5_2,2.4000,0.739284
840,router_3_3,router_2_3,0.3000,0.852972
841,router_3_3,router_1_3,0.6000,0.653353
842,router_3_3,router_1_3,0.6000,0.800308
843,router_3_3,router_1_3,0.6000,0.671199
844,router_4_3,router_1_3,1.2000,0.632496
845,router_4_3,router_0_3,1.2000,0.690459
846,router_4_3,router_0_3,1.4000,0.663866
847,router_4_3,router_0_3,1.4000,0.459281
848,router_5_3,router_0_3,4.1001,0.614554
849,router_5_3,router_7_2,1.2000,0.785080
850,router_5_3,router_7_2,1.2000,0.714182
851,router_5_3,router_7_2,1.2000,0.483662
852,router_6_3,router_7_2,1.3000,0.827521
853,router_6_3,router_6_2,0.3000,0.854121
854,router_6_3,router_6_2,0.3000,0.693346
855,router_6_3,router_6_2,0.3000,0.904855
856,router_7_3,router_6_2,1.3000,0.844315
857,router_7_3,router_5_2,3.4001,0.708573
858,router_7_3,router_5_2,2.4000,0.732804
859,router_7_3,router_5_2,1.4000,0.562190
860,router_3_3,router_1_3,1.8000,0.876790
861,router_3_3,router_1_3,0.8000,0.841906
862,router_3_3,router_1_3,0.8000,0.837149
863,router_3_3,router_1_3,0.8000,0.837932
864,router_4_3,router_0_3,1.4000,0.432224
865,router_4_3,router_0_3,1.4000,0.725866
866,router_4_3,router_0_3,1.9000,0.459057
867,router_4_3,router_0_3,1.4000,0.661006
868,router_5_3,router_7_2,1.7000,0.474346
869,router_5_3,router_7_2,1.9000,0.811537
870,router_5_3,router_7_2,1.2000,0.483427
871,router_5_3,router_7_2,1.2000,0.710975
872,router_6_3,router_6_2,1.5000,0.949813
872,router_6_3,router_6_2,0.3000,0.702389
873,router_6_3,router_6_2,0.3000,0.905030
874,router_6_3,router_6_2,0.5000,0.949813
876,router_7_3,router_5_2,1.9000,0.714126
877,router_7_3,router_5_2,1.9000,0.738763
878,router_7_3,router_5_2,1.4000,0.561441
879,router_7_3,router_5_2,1.2000,0.792016
880,router_3_3,router_1_3,4.3001,0.717579
881,router_3_3,router_1_3,0.8000,0.834805
882,router_3_3,router_1_3,1.8000,0.837932
883,router_3_3,router_1_3,0.8000,0.840289
884,router_4_3,router_0_3,1.4000,0.690325
885,router_4_3,router_0_3,2.4000,0.689575
886,router_4_3,router_0_3,1.4000,0.528981
887,router_4_3,router_0_3,1.9000,0.689692
888,router_5_3,router_7_2,1.2000,0.679752
889,router_5_3,router_7_2,1.3000,0.780740
890,router_5_3,router_7_2,1.3000,0.741573
891,router_5_3,router_7_2,2.1000,0.561566
892,router_6_3,router_6_2,0.3000,0.885458
893,router_6_3,router_6_2,0.3000,0.687490
894,router_6_3,router_6_2,0.3000,0.947300
895,router_6_3,router_6_2,0.3000,0.904997
896,router_7_3,router_5_2,1.2000,0.494075
897,router_7_3,router_5_2,1.4000,0.741770
898,router_7_3,router_5_2,1.2000,0.601408
899,router_7_3,router_5_2,1.2000,0.709196
900,router_2_3,router_1_3,0.3000,0.854876
901,router_3_3,router_1_3,0.6000,0.596676
902,router_3_3,router_1_3,0.6000,0.801190
903,router_3_3,router_1_3,0.8000,0.760026
904,router_3_3,router_0_3,1.9000,0.647730
905,router_4_3,router_0_3,1.4000,0.560938
906,router_4_3,router_0_3,1.2000,0.575198
907,router_4_3,router_0_3,2.4000,0.662434
908,router_4_3,router_7_2,2.1000,0.641385
909,router_5_3,router_7_2,1.3000,0.630629
910,router_5_3,router_7_2,2.2000,0.721858
911,router_5_3,router_7_2,1.8000,0.743149
912,router_5_3,router_6_2,0.6000,0.600471
913,router_6_3,router_6_2,1.5000,0.949813
914,router_6_3,router_6_2,1.0000,0.949813
915,router_6_3,router_6_2,0.3000,0.898253
916,router_6_3,router_5_2,0.6000,0.729635
917,router_7_3,router_5_2,1.2000,0.652409
918,router_7_3,router_5_2,2.4000,0.560695
919,router_7_3,router_5_2,1.2000,0.751162
920,router_7_3,router_4_2,1.9000,0.519442
921,router_2_3,router_1_3,0.3000,0.709898
922,router_3_3,router_1_3,0.6000,0.747928
923,router_3_3,router_1_3,0.6000,0.800015
924,router_3_3,router_1_3,0.6000,0.599538
925,router_3_3,router_0_3,1.2000,0.791035
926,router_4_3,router_0_3,1.9000,0.457359
927,router_4_3,router_0_3,1.9000,0.662434
928,router_4_3,router_0_3,1.2000,0.532302
929,router_4_3,router_7_2,1.7000,0.581600
930,router_5_3,router_7_2,1.3000,0.646268
931,router_5_3,router_7_2,1.3000,0.759103
932,router_5_3,router_7_2,1.3000,0.741311
933,router_5_3,router_6_2,2.7001,0.715950
934,router_6_3,router_6_2,1.0000,0.949813
935,router_6_3,router_6_2,0.3000,0.933059
936,router_6_3,router_6_2,0.3000,0.709488
937,router_6_3,router_5_2,0.6000,0.774770
938,router_7_3,router_5_2,1.4000,0.743741
939,router_7_3,router_5_2,1.4000,0.564027
940,router_7_3,router_5_2,2.4000,0.809443
941,router_7_3,router_4_2,1.9000,0.461017
943,router_2_3,router_1_3,0.3000,0.726996
943,router_2_3,router_1_3,0.3000,0.896584
944,router_3_3,router_1_3,0.6000,0.759501
945,router_3_3,router_1_3,0.6000,0.800015
946,router_3_3,router_0_3,1.2000,0.441336
947,router_3_3,router_0_3,1.2000,0.751123
948,router_4_3,router_0_3,1.9000,0.449724
949,router_4_3,router_0_3,2.4000,0.659803
950,router_4_3,router_7_2,1.7000,0.368581
951,router_4_3,router_7_2,4.9001,0.735436
952,router_5_3,router_7_2,2.9000,0.667553
953,router_5_3,router_7_2,1.9000,0.777427
954,router_5_3,router_6_2,3.3001,0.775764
955,router_5_3,router_6_2,2.3001,0.831539
956,router_6_3,router_6_2,1.5000,0.949813
956,router_6_3,router_6_2,0.3000,0.759236
958,router_6_3,router_5_2,0.8000,0.679962
959,router_6_3,router_5_2,1.3000,0.836367
960,router_7_3,router_5_2,1.4000,0.614625
961,router_7_3,router_5_2,1.4000,0.743478
962,router_7_3,router_4_2,1.4000,0.710347
963,router_7_3,router_4_2,1.9000,0.722770
965,router_2_3,router_1_3,0.3000,0.818596
965,router_2_3,router_1_3,0.3000,0.810865
966,router_3_3,router_1_3,0.6000,0.606770
967,router_3_3,router_1_3,0.6000,0.837334
968,router_3_3,router_0_3,1.2000,0.476637
969,router_3_3,router_0_3,1.2000,0.712268
970,router_4_3,router_0_3,1.2000,0.512623
971,router_4_3,router_0_3,1.2000,0.641327
972,router_4_3,router_7_2,1.3000,0.454084
973,router_4_3,router_7_2,2.1000,0.662874
974,router_5_3,router_7_2,1.3000,0.621449
975,router_5_3,router_7_2,1.7000,0.675704
976,router_5_3,router_6_2,1.9000,0.835585
977,router_5_3,router_6_2,0.7000,0.719317
978,router_6_3,router_6_2,0.3000,0.821376
979,router_6_3,router_6_2,0.3000,0.918992
980,router_6_3,router_5_2,1.8000,0.811750
981,router_6_3,router_5_2,0.8000,0.835429
982,router_7_3,router_5_2,1.4000,0.661569
983,router_7_3,router_5_2,1.9000,0.739545
984,router_7_3,router_4_2,1.9000,0.639535
985,router_7_3,router_4_2,2.4000,0.665082
986,router_2_3,router_1_3,0.3000,0.796259
987,router_2_3,router_1_3,0.3000,0.809073
988,router_2_3,router_1_3,0.3000,0.944110
989,router_3_3,router_1_3,0.8000,0.742778
990,router_3_3,router_0_3,1.2000,0.708701
991,router_3_3,router_0_3,1.2000,0.712268
992,router_3_3,router_0_3,1.9000,0.562606
993,router_4_3,router_0_3,1.9000,0.688054
994,router_4_3,router_7_2,1.2000,0.672527
995,router_4_3,router_7_2,1.2000,0.641014
996,router_4_3,router_7_2,1.2000,0.407582
997,router_5_3,router_7_2,1.2000,0.526001
998,router_5_3,router_6_2,0.6000,0.613107
999,router_5_3,router_6_2,0.8000,0.864178
1000,router_5_3,router_6_2,0.8000,0.836836
1001,router_6_3,router_6_2,2.5001,0.949813
1002,router_6_3,router_5_2,0.6000,0.767617
1003,router_6_3,router_5_2,0.6000,0.800455
1004,router_6_3,router_5_2,0.6000,0.600284
1005,router_7_3,router_5_2,1.2000,0.733776
1006,router_7_3,router_4_2,1.9000,0.638521
1007,router_7_3,router_4_2,1.9000,0.458334
1008,router_7_3,router_4_2,1.4000,0.663425
1009,router_2_3,router_1_3,2.5001,0.949813
1010,router_2_3,router_1_3,0.3000,0.694653
1011,router_2_3,router_1_3,0.3000,0.905554
1012,router_3_3,router_1_3,0.8000,0.847760
1013,router_3_3,router_0_3,1.9000,0.778533
1014,router_3_3,router_0_3,1.4000,0.742811
1015,router_3_3,router_0_3,1.4000,0.672763
1016,router_4_3,router_0_3,2.4000,0.536713
1017,router_4_3,router_7_2,1.2000,0.686809
1018,router_4_3,router_7_2,1.2000,0.639245
1019,router_4_3,router_7_2,1.2000,0.407330
1020,router_5_3,router_7_2,1.7000,0.785241
1021,router_5_3,router_6_2,1.5000,0.878129
1022,router_5_3,router_6_2,2.3001,0.835429
1023,router_5_3,router_6_2,0.6000,0.858557
1024,router_6_3,router_6_2,0.3000,0.918754
1025,router_6_3,router_5_2,1.3000,0.840025
1026,router_6_3,router_5_2,0.8000,0.836210
1027,router_6_3,router_5_2,0.8000,0.837619
1028,router_7_3,router_5_2,1.4000,0.576255
1029,router_7_3,router_4_2,1.4000,0.735691
1030,router_7_3,router_4_2,1.9000,0.660897
1031,router_7_3,router_4_2,1.2000,0.408807
1032,router_2_3,router_1_3,0.3000,0.889884
1033,router_2_3,router_1_3,0.3000,0.808477
1034,router_2_3,router_1_3,0.3000,0.905554
1035,router_2_3,router_1_3,0.3000,0.905554
1036,router_3_3,router_0_3,1.9000,0.775952
1037,router_3_3,router_0_3,1.2000,0.723923
1038,router_3_3,router_0_3,1.2000,0.467930
1039,router_3_3,router_0_3,1.4000,0.740329
1040,router_4_3,router_7_2,1.7000,0.363824
1041,router_4_3,router_7_2,2.1000,0.701920
1042,router_4_3,router_7_2,2.1000,0.457779
1043,router_4_3,router_7_2,2.1000,0.660131
1044,router_5_3,router_6_2,0.6000,0.693668
1045,router_5_3,router_6_2,0.6000,0.800308
1046,router_5_3,router_6_2,0.6000,0.871178
1047,router_5_3,router_6_2,0.6000,0.800162
1048,router_6_3,router_5_2,0.6000,0.766638
1049,router_6_3,router_5_2,0.6000,0.799429
1050,router_6_3,router_5_2,0.6000,0.601033
1051,router_6_3,router_5_2,0.6000,0.834178
1052,router_7_3,router_4_2,2.9001,0.444862
1053,router_7_3,router_4_2,1.9000,0.657623
1054,router_7_3,router_4_2,1.2000,0.503639
1055,router_7_3,router_4_2,1.9000,0.662434
1056,router_2_3,router_1_3,0.3000,0.933298
1057,router_2_3,router_1_3,0.3000,0.904855
1058,router_2_3,router_1_3,0.3000,0.906954
1059,router_2_3,router_1_3,0.3000,0.752970
1060,router_3_3,router_0_3,1.2000,0.589810
1061,router_3_3,router_0_3,1.4000,0.744531
1062,router_3_3,router_0_3,1.2000,0.732433
1063,router_3_3,router_0_3,1.2000,0.686588
1064,router_4_3,router_7_2,2.1000,0.491672
1065,router_4_3,router_7_2,2.1000,0.531536
1066,router_4_3,router_7_2,1.3000,0.661665
1067,router_4_3,router_7_2,1.2000,0.696071
1068,router_5_3,router_6_2,3.5001,0.698183
1069,router_5_3,router_6_2,0.6000,0.784678
1070,router_5_3,router_6_2,0.6000,0.601126
1071,router_5_3,router_6_2,0.6000,0.801043
1072,router_6_3,router_5_2,0.6000,0.875504
1073,router_6_3,router_5_2,0.6000,0.801811
1074,router_6_3,router_5_2,0.6000,0.600378
1075,router_6_3,router_5_2,0.6000,0.803251
1076,router_7_3,router_4_2,1.4000,0.537484
1077,router_7_3,router_4_2,1.4000,0.589023
1078,router_7_3,router_4_2,1.4000,0.713320
1079,router_7_3,router_4_2,1.4000,0.693224
1080,router_2_3,router_1_3,0.3000,0.680277
1082,router_2_3,router_1_3,0.3000,0.834897
1082,router_2_3,router_1_3,0.5000,0.949813
1083,router_2_3,router_0_3,0.6000,0.689989
1084,router_3_3,router_0_3,2.4000,0.725683
1085,router_3_3,router_0_3,1.4000,0.737721
1086,router_3_3,router_0_3,1.4000,0.562940
1087,router_3_3,router_7_2,2.9000,0.700288
1088,router_4_3,router_7_2,1.9000,0.636564
1089,router_4_3,router_7_2,1.3000,0.508978
1090,router_4_3,router_7_2,1.3000,0.665968
1091,router_4_3,router_6_2,1.2000,0.798521
1092,router_5_3,router_6_2,0.6000,0.687108
1093,router_5_3,router_6_2,1.1000,0.824664
1094,router_5_3,router_6_2,4.7001,0.832937
1095,router_5_3,router_5_2,0.3000,0.898598
1096,router_6_3,router_5_2,0.6000,0.685472
1097,router_6_3,router_5_2,0.6000,0.801190
1098,router_6_3,router_5_2,0.6000,0.738289
1099,router_6_3,router_4_2,1.4000,0.680690
1100,router_7_3,router_4_2,4.4001,0.417760
1101,router_7_3,router_4_2,1.4000,0.694695
1102,router_7_3,router_4_2,1.9000,0.449762
1103,router_7_3,router_3_2,4.1001,0.509604
1104,router_2_3,router_1_3,0.3000,0.809371
1105,router_2_3,router_1_3,0.3000,0.912054
1106,router_2_3,router_1_3,0.3000,0.891769
1107,router_2_3,router_0_3,0.6000,0.631807
1108,router_3_3,router_0_3,1.2000,0.544630
1109,router_3_3,router_0_3,1.2000,0.736814
1110,router_3_3,router_0_3,1.2000,0.710177
1111,router_3_3,router_7_2,2.4000,0.424494
1112,router_4_3,router_7_2,1.2000,0.565983
1113,router_4_3,router_7_2,1.2000,0.707329
1114,router_4_3,router_7_2,1.2000,0.636247
1115,router_4_3,router_6_2,1.2000,0.484037
1116,router_5_3,router_6_2,0.6000,0.619172
1117,router_5_3,router_6_2,1.1000,0.876535
1118,router_5_3,router_6_2,0.7000,0.839817
1119,router_5_3,router_5_2,0.3000,0.892774
1120,router_6_3,router_5_2,0.6000,0.763765
1121,router_6_3,router_5_2,0.6000,0.801778
1122,router_6_3,router_5_2,0.6000,0.601033
1123,router_6_3,router_4_2,1.2000,0.761847
1124,router_7_3,router_4_2,1.4000,0.459951
1125,router_7_3,router_4_2,1.4000,0.546188
1126,router_7_3,router_4_2,1.4000,0.562133
1127,router_7_3,router_3_2,5.6001,0.489453
1129,router_2_3,router_1_3,0.3000,0.754264
1129,router_2_3,router_1_3,0.3000,0.930883
1130,router_2_3,router_0_3,0.6000,0.791363
1131,router_2_3,router_0_3,0.6000,0.800015
1132,router_3_3,router_0_3,1.2000,0.449247
1133,router_3_3,router_0_3,1.4000,0.741901
1134,router_3_3,router_7_2,2.6000,0.628611
1135,router_3_3,router_7_2,2.6000,0.616748
1136,router_4_3,router_7_2,2.9001,0.430377
1137,router_4_3,router_7_2,1.3000,0.660897
1138,router_4_3,router_6_2,1.7000,0.761285
1139,router_4_3,router_6_2,1.7000,0.738307
1140,router_5_3,router_6_2,0.8000,0.835429
1141,router_5_3,router_6_2,0.6000,0.572403
1142,router_5_3,router_5_2,0.3000,0.752164
1143,router_5_3,router_5_2,0.3000,0.919546
1144,router_6_3,router_5_2,0.6000,0.674226
1145,router_6_3,router_5_2,0.6000,0.801190
1146,router_6_3,router_4_2,2.9000,0.620484
1147,router_6_3,router_4_2,5.4001,0.793942
1148,router_7_3,router_4_2,1.9000,0.650784
1149,router_7_3,router_4_2,1.2000,0.407343
1150,router_7_3,router_3_2,3.1000,0.499263
1151,router_7_3,router_3_2,4.1001,0.488127
1152,router_2_3,router_1_3,0.3000,0.763624
1153,router_2_3,router_1_3,0.3000,0.944289
1154,router_2_3,router_0_3,0.6000,0.805735
1155,router_2_3,router_0_3,0.6000,0.800749
1156,router_3_3,router_0_3,1.2000,0.453090
1157,router_3_3,router_0_3,1.2000,0.547714
1158,router_3_3,router_7_2,3.3000,0.630389
1159,router_3_3,router_7_2,2.9000,0.595206
1160,router_4_3,router_7_2,1.2000,0.387427
1161,router_4_3,router_7_2,1.2000,0.636556
1162,router_4_3,router_6_2,2.5001,0.798061
1163,router_4_3,router_6_2,1.4000,0.773643
1164,router_5_3,router_6_2,0.6000,0.744438
1165,router_5_3,router_6_2,1.3000,0.710268
1166,router_5_3,router_5_2,0.3000,0.761598
1167,router_5_3,router_5_2,0.3000,0.905729
1168,router_6_3,router_5_2,1.3000,0.836993
1169,router_6_3,router_5_2,0.8000,0.838717
1170,router_6_3,router_4_2,1.2000,0.624638
1171,router_6_3,router_4_2,1.4000,0.744663
1172,router_7_3,router_4_2,1.4000,0.420364
1173,router_7_3,router_4_2,1.4000,0.700053
1174,router_7_3,router_3_2,4.1001,0.488298
1175,router_7_3,router_3_2,3.6000,0.635448
1176,router_2_3,router_1_3,0.3000,0.672905
1177,router_2_3,router_0_3,0.6000,0.680225
1178,router_2_3,router_0_3,0.6000,0.801190
1179,router_2_3,router_0_3,0.6000,0.843297
1180,router_3_3,router_0_3,1.2000,0.700592
1181,router_3_3,router_7_2,7.6001,0.475313
1182,router_3_3,router_7_2,2.6000,0.587919
1183,router_3_3,router_7_2,2.6000,0.592455
1184,router_4_3,router_7_2,1.2000,0.595838
1185,router_4_3,router_6_2,1.2000,0.711960
1186,router_4_3,router_6_2,1.2000,0.483289
1187,router_4_3,router_6_2,1.7000,0.811524
1188,router_5_3,router_6_2,0.6000,0.477833
1189,router_5_3,router_5_2,0.3000,0.909051
1190,router_5_3,router_5_2,0.3000,0.672848
1191,router_5_3,router_5_2,0.3000,0.905904
1192,router_6_3,router_5_2,0.6000,0.729436
1193,router_6_3,router_4_2,1.4000,0.655419
1194,router_6_3,router_4_2,2.4000,0.792729
1195,router_6_3,router_4_2,1.9000,0.772458
1196,router_7_3,router_4_2,1.9000,0.501539
1197,router_7_3,router_3_2,3.1000,0.411205
1198,router_7_3,router_3_2,3.6000,0.674351
1199,router_7_3,router_3_2,4.1001,0.388388
1200,router_2_3,router_1_3,0.3000,0.715533
1201,router_2_3,router_0_3,0.6000,0.757820
1202,router_2_3,router_0_3,0.6000,0.801778
1203,router_2_3,router_0_3,0.6000,0.602534
1204,router_3_3,router_0_3,1.9000,0.807971
1205,router_3_3,router_7_2,2.5000,0.587047
1206,router_3_3,router_7_2,2.9000,0.591816
1207,router_3_3,router_7_2,3.7001,0.387205
1208,router_4_3,router_7_2,1.2000,0.492500
1209,router_4_3,router_6_2,1.2000,0.484372
1210,router_4_3,router_6_2,1.2000,0.709257
1211,router_4_3,router_6_2,1.3000,0.689616
1212,router_5_3,router_6_2,1.5000,0.878129
1213,router_5_3,router_5_2,1.5000,0.949813
1214,router_5_3,router_5_2,0.3000,0.730939
1215,router_5_3,router_5_2,2.5001,0.949813
1216,router_6_3,router_5_2,2.3001,0.695366
1217,router_6_3,router_4_2,1.2000,0.511283
1218,router_6_3,router_4_2,1.2000,0.582722
1219,router_6_3,router_4_2,1.2000,0.710177
1220,router_7_3,router_4_2,1.9000,0.746455
1221,router_7_3,router_3_2,2.6000,0.618707
1222,router_7_3,router_3_2,3.1000,0.434837
1223,router_7_3,router_3_2,3.1000,0.614359
1224,router_2_3,router_0_3,3.3001,0.875121
1224,router_2_3,router_0_3,0.6000,0.805437
1225,router_2_3,router_0_3,0.6000,0.800749
1226,router_2_3,router_0_3,0.6000,0.806114
1228,router_3_3,router_7_2,3.7001,0.515239
1229,router_3_3,router_7_2,4.1001,0.587379
1230,router_3_3,router_7_2,3.3001,0.386257
1231,router_3_3,router_7_2,2.4000,0.591830
1232,router_4_3,router_6_2,1.2000,0.468285
1233,router_4_3,router_6_2,1.2000,0.709625
1234,router_4_3,router_6_2,1.2000,0.570622
1235,router_4_3,router_6_2,1.2000,0.710115
1236,router_5_3,router_5_2,1.5000,0.949813
1237,router_5_3,router_5_2,0.5000,0.949813
1238,router_5_3,router_5_2,1.0000,0.949813
1239,router_5_3,router_5_2,1.0000,0.949813
1240,router_6_3,router_4_2,1.2000,0.808051
1241,router_6_3,router_4_2,1.2000,0.709931
1242,router_6_3,router_4_2,1.2000,0.482947
1243,router_6_3,router_4_2,2.9001,0.737071
1244,router_7_3,router_3_2,3.6000,0.448973
1245,router_7_3,router_3_2,2.6000,0.589953
1246,router_7_3,router_3_2,3.6000,0.639237
1247,router_7_3,router_3_2,3.6000,0.613195
1248,router_2_3,router_0_3,0.8000,0.751270
1249,router_2_3,router_0_3,3.3001,0.834337
1250,router_2_3,router_0_3,0.6000,0.818512
1251,router_2_3,router_0_3,0.6000,0.800308
1252,router_3_3,router_7_2,2.5000,0.508476
1253,router_3_3,router_7_2,3.7001,0.613728
1254,router_3_3,router_7_2,3.3001,0.647200
1255,router_3_3,router_7_2,2.5000,0.593186
1256,router_4_3,router_6_2,1.2000,0.458675
1257,router_4_3,router_6_2,1.2000,0.712823
1258,router_4_3,router_6_2,1.4000,0.802901
1259,router_4_3,router_6_2,1.9000,0.775181
1260,router_5_3,router_5_2,0.3000,0.814728
1260,router_5_3,router_5_2,0.5000,0.949813
1261,router_5_3,router_5_2,1.5000,0.949813
1263,router_5_3,router_5_2,1.5000,0.949813
1264,router_6_3,router_4_2,1.6000,0.521610
1265,router_6_3,router_4_2,1.2000,0.742820
1266,router_6_3,router_4_2,1.2000,0.557541
1267,router_6_3,router_4_2,1.2000,0.624720
1268,router_7_3,router_3_2,2.6000,0.661869
1269,router_7_3,router_3_2,3.6000,0.618856
1270,router_7_3,router_3_2,2.6000,0.436371
1271,router_7_3,router_3_2,2.6000,0.617874
1272,router_1_3,router_0_3,0.3000,0.926274
1273,router_2_3,router_0_3,4.3001,0.873456
1274,router_2_3,router_0_3,0.6000,0.741730
1275,router_2_3,router_0_3,0.6000,0.801190
1276,router_2_3,router_7_2,3.6000,0.490340
1277,router_3_3,router_7_2,2.5000,0.531293
1278,router_3_3,router_7_2,2.4000,0.516135
1279,router_3_3,router_7_2,2.4000,0.571396
1280,router_3_3,router_6_2,2.9001,0.638762
1281,router_4_3,router_6_2,2.5000,0.666107
1282,router_4_3,router_6_2,3.0001,0.703945
1283,router_4_3,router_6_2,1.8000,0.745521
1284,router_4_3,router_5_2,1.1000,0.854866
1286,router_5_3,router_5_2,0.3000,0.793486
1287,router_5_3,router_5_2,1.5000,0.949813
1287,router_5_3,router_5_2,0.3000,0.905554
1288,router_5_3,router_4_2,0.6000,0.600319
1289,router_6_3,router_4_2,1.4000,0.744004
1290,router_6_3,router_4_2,1.2000,0.544096
1291,router_6_3,router_4_2,1.4000,0.740460
1292,router_6_3,router_3_2,2.4000,0.682357
1293,router_7_3,router_3_2,7.6001,0.584986
1294,router_7_3,router_3_2,2.6000,0.607239
1295,router_7_3,router_3_2,2.6000,0.615917
1296,router_7_3,router_2_2,3.1000,0.585044
1297,router_1_3,router_0_3,0.5000,0.949813
1298,router_2_3,router_0_3,2.3000,0.633277
1299,router_2_3,router_0_3,0.6000,0.842408
1300,router_2_3,router_0_3,0.6000,0.599258
1301,router_2_3,router_7_2,3.5001,0.336499
1302,router_3_3,router_7_2,4.5001,0.492897
1303,router_3_3,router_7_2,3.3001,0.682785
1304,router_3_3,router_7_2,5.3001,0.434300
1305,router_3_3,router_6_2,4.5001,0.652438
1306,router_4_3,router_6_2,1.4000,0.648487
1307,router_4_3,router_6_2,1.8000,0.744465
1308,router_4_3,router_6_2,1.9000,0.807688
1309,router_4_3,router_5_2,0.6000,0.797527
1310,router_5_3,router_5_2,1.0000,0.949813
1311,router_5_3,router_5_2,0.3000,0.857599
1312,router_5_3,router_5_2,0.3000,0.905554
1313,router_5_3,router_4_2,1.8000,0.762899
1314,router_6_3,router_4_2,1.9000,0.773853
1315,router_6_3,router_4_2,1.2000,0.648366
1316,router_6_3,router_4_2,1.2000,0.710422
1317,router_6_3,router_3_2,1.9000,0.393605
1318,router_7_3,router_3_2,2.6000,0.667485
1319,router_7_3,router_3_2,5.6001,0.385550
1320,router_7_3,router_3_2,4.1001,0.583577
1321,router_7_3,router_2_2,3.1000,0.492225
1323,router_1_3,router_0_3,0.3000,0.786743
1323,router_1_3,router_0_3,0.3000,0.809222
1324,router_2_3,router_0_3,0.8000,0.866488
1325,router_2_3,router_0_3,1.3000,0.839502
1326,router_2_3,router_7_2,3.3000,0.431781
1327,router_2_3,router_7_2,8.5002,0.525909
1328,router_3_3,router_7_2,3.7001,0.506925
1329,router_3_3,router_7_2,2.5000,0.591452
1330,router_3_3,router_6_2,1.2000,0.506496
1331,router_3_3,router_6_2,1.2000,0.637485
1332,router_4_3,router_6_2,2.5001,0.804426
1333,router_4_3,router_6_2,1.7000,0.736357
1334,router_4_3,router_5_2,1.1000,0.716572
1335,router_4_3,router_5_2,0.7000,0.836836
1336,router_5_3,router_5_2,0.3000,0.786653
1337,router_5_3,router_5_2,0.3000,0.667091
1338,router_5_3,router_4_2,0.6000,0.818111
1339,router_5_3,router_4_2,0.6000,0.801190
1340,router_6_3,router_4_2,1.2000,0.457776
1341,router_6_3,router_4_2,1.2000,0.711652
1342,router_6_3,router_3_2,3.9001,0.730611
1343,router_6_3,router_3_2,1.9000,0.683753
1344,router_7_3,router_3_2,3.6000,0.580856
1345,router_7_3,router_3_2,4.1001,0.613002
1346,router_7_3,router_2_2,4.1001,0.634240
1347,router_7_3,router_2_2,4.1001,0.553288
1348,router_1_3,router_0_3,0.3000,0.837091
1349,router_1_3,router_0_3,0.3000,0.809073
1350,router_2_3,router_0_3,0.6000,0.614464
1351,router_2_3,router_0_3,0.6000,0.866532
1352,router_2_3,router_7_2,2.4000,0.525335
1353,router_2_3,router_7_2,2.4000,0.538782
1354,router_3_3,router_7_2,3.3000,0.367425
1355,router_3_3,router_7_2,2.5000,0.590543
1356,router_3_3,router_6_2,1.2000,0.406933
1357,router_3_3,router_6_2,1.2000,0.638623
1358,router_4_3,router_6_2,1.7000,0.685405
1359,router_4_3,router_6_2,1.3000,0.739480
1360,router_4_3,router_5_2,1.1000,0.717070
1361,router_4_3,router_5_2,0.6000,0.838683
1363,router_5_3,router_5_2,0.3000,0.832025
1363,router_5_3,router_5_2,0.3000,0.882272
1364,router_5_3,router_4_2,0.6000,0.717022
1365,router_5_3,router_4_2,0.6000,0.799575
1366,router_6_3,router_4_2,1.9000,0.810308
1367,router_6_3,router_4_2,2.4000,0.741035
1368,router_6_3,router_3_2,1.9000,0.511135
1369,router_6_3,router_3_2,2.9000,0.687120
1370,router_7_3,router_3_2,2.6000,0.445791
1371,router_7_3,router_3_2,3.1000,0.592775
1372,router_7_3,router_2_2,2.4000,0.564357
1373,router_7_3,router_2_2,2.5000,0.538090
1374,router_1_3,router_0_3,0.3000,0.818321
1375,router_1_3,router_0_3,0.3000,0.812063
1376,router_1_3,router_0_3,0.3000,0.906954
1377,router_2_3,router_0_3,1.3000,0.758009
1378,router_2_3,router_7_2,3.3001,0.587281
1379,router_2_3,router_7_2,4.9001,0.533215
1380,router_2_3,router_7_2,2.5000,0.341989
1381,router_3_3,router_7_2,2.6000,0.548874
1382,router_3_3,router_6_2,1.2000,0.503475
1383,router_3_3,router_6_2,1.3000,0.709772
1384,router_3_3,router_6_2,2.1000,0.664087
1385,router_4_3,router_6_2,1.9000,0.616011
1386,router_4_3,router_5_2,0.6000,0.745399
1387,router_4_3,router_5_2,0.6000,0.800162
1388,router_4_3,router_5_2,0.6000,0.800015
1389,router_5_3,router_5_2,0.3000,0.816122
1390,router_5_3,router_4_2,0.6000,0.653961
1391,router_5_3,router_4_2,0.6000,0.800749
1392,router_5_3,router_4_2,0.8000,0.761677
1393,router_6_3,router_4_2,1.4000,0.653110
1394,router_6_3,router_3_2,5.4001,0.708794
1395,router_6_3,router_3_2,1.9000,0.680641
1396,router_6_3,router_3_2,3.4001,0.526905
1397,router_7_3,router_3_2,3.1000,0.485712
1398,router_7_3,router_2_2,5.1001,0.610742
1399,router_7_3,router_2_2,4.1001,0.414047
1400,router_7_3,router_2_2,2.6000,0.581559
1402,router_1_3,router_0_3,0.3000,0.681446
1403,router_1_3,router_0_3,0.3000,0.671154
1403,router_1_3,router_0_3,0.3000,0.938794
1404,router_2_3,router_0_3,2.8001,0.630626
1405,router_2_3,router_7_2,4.9001,0.533933
1406,router_2_3,router_7_2,2.5000,0.556721
1407,router_2_3,router_7_2,4.1001,0.373413
1408,router_3_3,router_7_2,2.5000,0.454300
1409,router_3_3,router_6_2,2.1000,0.661006
1410,router_3_3,router_6_2,1.2000,0.679257
1411,router_3_3,router_6_2,1.2000,0.644575
1412,router_4_3,router_6_2,2.9001,0.451815
1413,router_4_3,router_5_2,0.8000,0.719067
1414,router_4_3,router_5_2,1.3000,0.838560
1415,router_4_3,router_5_2,0.6000,0.862011
1416,router_5_3,router_5_2,0.5000,0.949813
1417,router_5_3,router_4_2,0.6000,0.795465
1418,router_5_3,router_4_2,0.6000,0.803842
1419,router_5_3,router_4_2,0.6000,0.799575
1420,router_6_3,router_4_2,1.2000,0.620848
1421,router_6_3,router_3_2,1.9000,0.579609
1422,router_6_3,router_3_2,3.9001,0.640635
1423,router_6_3,router_3_2,2.4000,0.684563
1424,router_7_3,router_3_2,3.6000,0.399701
1425,router_7_3,router_2_2,2.5000,0.582766
1426,router_7_3,router_2_2,2.4000,0.343025
1427,router_7_3,router_2_2,2.5000,0.536940
1429,router_1_3,router_0_3,0.3000,0.808626
1430,router_1_3,router_0_3,0.3000,0.905030
1431,router_1_3,router_0_3,0.3000,0.935994
1431,router_1_3,router_0_3,0.3000,0.905030
1432,router_2_3,router_7_2,2.5000,0.328612
1433,router_2_3,router_7_2,2.5000,0.559763
1434,router_2_3,router_7_2,2.4000,0.320642
1435,router_2_3,router_7_2,2.4000,0.521385
1436,router_3_3,router_6_2,1.9000,0.633975
1437,router_3_3,router_6_2,1.9000,0.690749
1438,router_3_3,router_6_2,1.4000,0.532123
1439,router_3_3,router_6_2,1.2000,0.680807
1440,router_4_3,router_5_2,0.8000,0.719568
1441,router_4_3,router_5_2,1.8000,0.835273
1442,router_4_3,router_5_2,0.6000,0.695598
1443,router_4_3,router_5_2,0.6000,0.802072
1444,router_5_3,router_4_2,0.6000,0.682712
1445,router_5_3,router_4_2,0.6000,0.801778
1446,router_5_3,router_4_2,1.8000,0.877627
1447,router_5_3,router_4_2,1.8000,0.876790
1448,router_6_3,router_3_2,2.4000,0.467256
1449,router_6_3,router_3_2,4.4001,0.653405
1450,router_6_3,router_3_2,1.4000,0.601724
1451,router_6_3,router_3_2,2.4000,0.663976
1452,router_7_3,router_2_2,2.4000,0.288812
1453,router_7_3,router_2_2,2.4000,0.593121
1454,router_7_3,router_2_2,2.5000,0.342753
1455,router_7_3,router_2_2,3.0000,0.537629
1456,router_1_3,router_0_3,0.3000,0.676599
1457,router_1_3,router_0_3,0.3000,0.732230
1458,router_1_3,router_0_3,0.3000,0.905030
1459,router_1_3,router_0_3,0.3000,0.909411
1460,router_2_3,router_7_2,2.9000,0.581239
1461,router_2_3,router_7_2,3.3001,0.536176
1462,router_2_3,router_7_2,3.7001,0.342014
1463,router_2_3,router_7_2,2.9000,0.538167
1464,router_3_3,router_6_2,1.3000,0.703118
1465,router_3_3,router_6_2,4.9001,0.657840
1466,router_3_3,router_6_2,1.3000,0.655671
1467,router_3_3,router_6_2,1.3000,0.662324
1468,router_4_3,router_5_2,0.6000,0.674979
1469,router_4_3,router_5_2,0.6000,0.803251
1470,router_4_3,router_5_2,0.6000,0.800162
1471,router_4_3,router_5_2,0.7000,0.877280
1472,router_5_3,router_4_2,0.6000,0.680163
1473,router_5_3,router_4_2,0.6000,0.799575
1474,router_5_3,router_4_2,0.8000,0.867912
1475,router_5_3,router_4_2,0.8000,0.837619
1476,router_6_3,router_3_2,2.4000,0.509700
1477,router_6_3,router_3_2,3.4001,0.719879
1478,router_6_3,router_3_2,1.9000,0.754084
1479,router_6_3,router_3_2,4.4001,0.684979
1480,router_7_3,router_2_2,3.1000,0.381986
1481,router_7_3,router_2_2,5.6001,0.576993
1482,router_7_3,router_2_2,3.1000,0.652414
1483,router_7_3,router_2_2,2.6000,0.343510
1484,router_1_3,router_0_3,0.3000,0.810118
1486,router_1_3,router_0_3,0.3000,0.900894
1486,router_1_3,router_0_3,0.3000,0.905030
1487,router_1_3,router_7_2,5.1001,0.398086
1488,router_2_3,router_7_2,4.1001,0.458804
1489,router_2_3,router_7_2,4.5001,0.374103
1490,router_2_3,router_7_2,7.7002,0.543205
1491,router_2_3,router_6_2,2.9000,0.611311
1492,router_3_3,router_6_2,1.7000,0.750855
1493,router_3_3,router_6_2,1.3000,0.460879
1494,router_3_3,router_6_2,3.3001,0.662874
1495,router_3_3,router_5_2,1.2000,0.620878
1496,router_4_3,router_5_2,0.6000,0.726117
1497,router_4_3,router_5_2,0.6000,0.600939
1498,router_4_3,router_5_2,2.3001,0.851243
1499,router_4_3,router_4_2,0.3000,0.901372
1500,router_5_3,router_4_2,0.6000,0.742533
1501,router_5_3,router_4_2,0.6000,0.803399
1502,router_5_3,router_4_2,0.6000,0.870031
1503,router_5_3,router_3_2,1.4000,0.742425
1504,router_6_3,router_3_2,1.4000,0.444859
1505,router_6_3,router_3_2,1.4000,0.539227
1506,router_6_3,router_3_2,1.4000,0.522870
1507,router_6_3,router_2_2,3.1000,0.475988
1508,router_7_3,router_2_2,3.5001,0.576328
1509,router_7_3,router_2_2,2.4000,0.538167
1510,router_7_3,router_2_2,2.4000,0.343498
1511,router_7_3,router_1_2,3.1000,0.421432
1512,router_1_3,router_0_3,0.3000,0.917945
1513,router_1_3,router_0_3,0.3000,0.783280
1514,router_1_3,router_0_3,0.3000,0.904855
1515,router_1_3,router_7_2,2.9000,0.300882
1516,router_2_3,router_7_2,2.5000,0.465596
1517,router_2_3,router_7_2,2.5000,0.620707
1518,router_2_3,router_7_2,4.1001,0.536557
1519,router_2_3,router_6_2,2.5000,0.595759
1520,router_3_3,router_6_2,1.2000,0.573283
1521,router_3_3,router_6_2,1.2000,0.640076
1522,router_3_3,router_6_2,1.2000,0.636453
1523,router_3_3,router_5_2,1.2000,0.713935
1524,router_4_3,router_5_2,2.3001,0.877125
1525,router_4_3,router_5_2,1.8000,0.834649
1526,router_4_3,router_5_2,4.3001,0.842271
1527,router_4_3,router_4_2,1.5000,0.949813
1528,router_5_3,router_4_2,1.3000,0.877627
1529,router_5_3,router_4_2,1.3000,0.877627
1530,router_5_3,router_4_2,2.3001,0.875955
1531,router_5_3,router_3_2,1.6000,0.765116
1532,router_6_3,router_3_2,3.4001,0.516675
1533,router_6_3,router_3_2,1.9000,0.718253
1534,router_6_3,router_3_2,2.4000,0.542006
1535,router_6_3,router_2_2,8.6002,0.541791
1536,router_7_3,router_2_2,3.1000,0.366331
1537,router_7_3,router_2_2,3.1000,0.534578
1538,router_7_3,router_2_2,3.5001,0.479110
1539,router_7_3,router_1_2,2.8000,0.478876
1540,router_1_3,router_0_3,0.3000,0.737646
1540,router_1_3,router_0_3,0.3000,0.919959
1542,router_1_3,router_7_2,2.6000,0.427137
1543,router_1_3,router_7_2,2.6000,0.492161
1544,router_2_3,router_7_2,2.4000,0.307626
1545,router_2_3,router_7_2,3.1000,0.605364
1546,router_2_3,router_6_2,2.6000,0.437643
1547,router_2_3,router_6_2,5.3001,0.609869
1548,router_3_3,router_6_2,2.1000,0.601141
1549,router_3_3,router_6_2,2.1000,0.690867
1550,router_3_3,router_5_2,2.4000,0.788171
1551,router_3_3,router_5_2,1.9000,0.741311
1552,router_4_3,router_5_2,0.6000,0.564230
1553,router_4_3,router_5_2,0.6000,0.555045
1554,router_4_3,router_4_2,0.3000,0.743520
1555,router_4_3,router_4_2,0.3000,0.905030
1556,router_5_3,router_4_2,2.1000,0.875976
1557,router_5_3,router_4_2,0.6000,0.799876
1558,router_5_3,router_3_2,1.2000,0.454009
1559,router_5_3,router_3_2,1.2000,0.709564
1560,router_6_3,router_3_2,1.9000,0.535693
1561,router_6_3,router_3_2,4.4001,0.654590
1562,router_6_3,router_2_2,2.6000,0.633689
1563,router_6_3,router_2_2,2.6000,0.591862
1564,router_7_3,router_2_2,2.4000,0.332274
1565,router_7_3,router_2_2,2.4000,0.536863
1566,router_7_3,router_1_2,5.6001,0.588618
1567,router_7_3,router_1_2,4.6001,0.397098
1568,router_1_3,router_0_3,0.3000,0.870098
1569,router_1_3,router_0_3,0.3000,0.712331
1570,router_1_3,router_7_2,2.9000,0.391727
1571,router_1_3,router_7_2,2.6000,0.509478
1572,router_2_3,router_7_2,2.4000,0.592930
1573,router_2_3,router_7_2,2.4000,0.518721
1574,router_2_3,router_6_2,2.4000,0.354279
1575,router_2_3,router_6_2,2.5000,0.593645
1576,router_3_3,router_6_2,1.2000,0.727448
1577,router_3_3,router_6_2,1.2000,0.636453
1578,router_3_3,router_5_2,1.2000,0.713070
1579,router_3_3,router_5_2,1.2000,0.710361
1580,router_4_3,router_5_2,0.8000,0.836210
1581,router_4_3,router_5_2,0.6000,0.518303
1582,router_4_3,router_4_2,0.3000,0.707461
1583,router_4_3,router_4_2,1.0000,0.949813
1584,router_5_3,router_4_2,0.8000,0.656566
1585,router_5_3,router_4_2,0.8000,0.837619
1586,router_5_3,router_3_2,1.9000,0.771336
1587,router_5_3,router_3_2,2.4000,0.718809
1588,router_6_3,router_3_2,2.4000,0.438555
1589,router_6_3,router_3_2,2.4000,0.686538
1590,router_6_3,router_2_2,2.6000,0.676769
1591,router_6_3,router_2_2,3.6000,0.614845
1592,router_7_3,router_2_2,3.6000,0.362380
1593,router_7_3,router_2_2,3.0000,0.555334
1594,router_7_3,router_1_2,4.1001,0.583165
1595,router_7_3,router_1_2,5.1001,0.311897
1596,router_1_3,router_0_3,0.3000,0.721242
1597,router_1_3,router_7_2,2.4000,0.431429
1598,router_1_3,router_7_2,2.4000,0.476725
1599,router_1_3,router_7_2,2.4000,0.296192
1600,router_2_3,router_7_2,2.4000,0.621430
1601,router_2_3,router_6_2,2.4000,0.353669
1602,router_2_3,router_6_2,2.4000,0.572426
1603,router_2_3,router_6_2,2.4000,0.492592
1604,router_3_3,router_6_2,1.7000,0.601475
1605,router_3_3,router_5_2,1.2000,0.482792
1606,router_3_3,router_5_2,1.2000,0.713031
1607,router_3_3,router_5_2,1.2000,0.483413
1608,router_4_3,router_5_2,1.3000,0.667340
1609,router_4_3,router_4_2,2.0001,0.949813
1610,router_4_3,router_4_2,0.3000,0.705227
1611,router_4_3,router_4_2,0.3000,0.904855
1612,router_5_3,router_4_2,0.6000,0.835395
1613,router_5_3,router_3_2,1.2000,0.677516
1614,router_5_3,router_3_2,1.9000,0.562106
1615,router_5_3,router_3_2,2.9000,0.735645
1616,router_6_3,router_3_2,2.4000,0.747077
1617,router_6_3,router_2_2,4.1001,0.603044
1618,router_6_3,router_2_2,5.6001,0.606193
1619,router_6_3,router_2_2,3.1000,0.385586
1620,router_7_3,router_2_2,3.1000,0.634705
1621,router_7_3,router_1_2,2.6000,0.311143
1622,router_7_3,router_1_2,3.6000,0.489816
1623,router_7_3,router_1_2,3.1000,0.445587
1624,router_1_3,router_0_3,0.3000,0.796965
1625,router_1_3,router_7_2,2.5000,0.282823
1626,router_1_3,router_7_2,3.3001,0.594324
1627,router_1_3,router_7_2,3.3001,0.311428
1628,router_2_3,router_7_2,2.4000,0.448207
1629,router_2_3,router_6_2,2.4000,0.491497
1630,router_2_3,router_6_2,2.4000,0.594838
1631,router_2_3,router_6_2,2.4000,0.389492
1632,router_3_3,router_6_2,1.4000,0.662311
1633,router_3_3,router_5_2,3.9001,0.560902
1634,router_3_3,router_5_2,1.4000,0.740395
1635,router_3_3,router_5_2,2.1000,0.623038
1636,router_4_3,router_5_2,1.1000,0.740285
1637,router_4_3,router_4_2,0.3000,0.797272
1637,router_4_3,router_4_2,1.0000,0.949813
1638,router_4_3,router_4_2,3.5001,0.949813
1640,router_5_3,router_4_2,4.3001,0.657199
1641,router_5_3,router_3_2,1.2000,0.485748
1642,router_5_3,router_3_2,1.9000,0.792287
1643,router_5_3,router_3_2,2.6000,0.774132
1644,router_6_3,router_3_2,1.9000,0.640207
1645,router_6_3,router_2_2,2.6000,0.559462
1646,router_6_3,router_2_2,2.6000,0.673429
1647,router_6_3,router_2_2,3.2001,0.616405
1648,router_7_3,router_2_2,3.1000,0.362906
1649,router_7_3,router_1_2,2.6000,0.357265
1650,router_7_3,router_1_2,3.1000,0.593557
1651,router_7_3,router_1_2,2.4000,0.297550
1652,router_1_3,router_7_2,2.4000,0.353504
1653,router_1_3,router_7_2,2.4000,0.476242
1654,router_1_3,router_7_2,2.9000,0.538558
1655,router_1_3,router_7_2,2.9000,0.489720
1656,router_2_3,router_6_2,2.9000,0.372950
1657,router_2_3,router_6_2,2.5000,0.591543
1658,router_2_3,router_6_2,3.7001,0.660426
1659,router_2_3,router_6_2,2.9000,0.613825
1660,router_3_3,router_5_2,2.9001,0.773085
1661,router_3_3,router_5_2,2.6001,0.775882
1662,router_3_3,router_5_2,1.8000,0.779823
1663,router_3_3,router_5_2,2.4000,0.775602
1664,router_4_3,router_4_2,1.5000,0.949813
1666,router_4_3,router_4_2,0.5000,0.949813
1666,router_4_3,router_4_2,3.5001,0.949813
1667,router_4_3,router_4_2,0.5000,0.949813
1668,router_5_3,router_3_2,1.2000,0.558161
1669,router_5_3,router_3_2,2.9000,0.772876
1670,router_5_3,router_3_2,1.4000,0.669429
1671,router_5_3,router_3_2,1.4000,0.741114
1672,router_6_3,router_2_2,4.6001,0.320929
1673,router_6_3,router_2_2,4.1001,0.625140
1674,router_6_3,router_2_2,4.1001,0.431080
1675,router_6_3,router_2_2,3.1000,0.613195
1676,router_7_3,router_1_2,3.1000,0.355195
1677,router_7_3,router_1_2,3.6000,0.488795
1678,router_7_3,router_1_2,2.4000,0.501500
1679,router_7_3,router_1_2,2.4000,0.477361
1680,router_1_3,router_7_2,3.3000,0.374275
1681,router_1_3,router_7_2,2.5000,0.489528
1682,router_1_3,router_7_2,3.3001,0.578833
1683,router_1_3,router_7_2,4.5001,0.503730
1684,router_2_3,router_6_2,5.3001,0.372426
1685,router_2_3,router_6_2,4.9001,0.580610
1686,router_2_3,router_6_2,2.4000,0.642253
1687,router_2_3,router_6_2,2.4000,0.353008
1688,router_3_3,router_5_2,1.9000,0.745918
1689,router_3_3,router_5_2,1.2000,0.588563
1690,router_3_3,router_5_2,1.2000,0.710729
1691,router_3_3,router_5_2,1.3000,0.811640
1692,router_4_3,router_4_2,0.3000,0.679239
1693,router_4_3,router_4_2,0.3000,0.902897
1694,router_4_3,router_4_2,0.3000,0.904855
1695,router_4_3,router_4_2,0.3000,0.904855
1696,router_5_3,router_3_2,1.4000,0.577286
1697,router_5_3,router_3_2,2.4000,0.742820
1698,router_5_3,router_3_2,3.4001,0.697242
1699,router_5_3,router_3_2,1.4000,0.736682
1700,router_6_3,router_2_2,3.1000,0.377280
1701,router_6_3,router_2_2,2.4000,0.659760
1702,router_6_3,router_2_2,2.7000,0.389697
1703,router_6_3,router_2_2,2.7000,0.593141
1704,router_7_3,router_1_2,2.6000,0.386970
1705,router_7_3,router_1_2,3.1000,0.490264
1706,router_7_3,router_1_2,3.4000,0.602598
1707,router_7_3,router_1_2,2.4000,0.478240
1708,router_0_3,router_7_2,3.6000,0.389592
1709,router_1_3,router_7_2,2.4000,0.445372
1710,router_1_3,router_7_2,2.4000,0.296303
1711,router_1_3,router_7_2,2.4000,0.495472
1712,router_1_3,router_6_2,2.4000,0.321384
1713,router_2_3,router_6_2,2.4000,0.475291
1714,router_2_3,router_6_2,2.4000,0.420032
1715,router_2_3,router_6_2,2.4000,0.574930
1716,router_2_3,router_5_2,1.7000,0.702046
1717,router_3_3,router_5_2,2.9000,0.737006
1718,router_3_3,router_5_2,1.9000,0.560570
1719,router_3_3,router_5_2,3.9001,0.736098
1720,router_3_3,router_4_2,1.5000,0.858689
1721,router_4_3,router_4_2,0.3000,0.842708
1721,router_4_3,router_4_2,0.3000,0.884075
1722,router_4_3,router_4_2,0.3000,0.906779
1724,router_4_3,router_3_2,0.6000,0.658753
1725,router_5_3,router_3_2,1.2000,0.614984
1726,router_5_3,router_3_2,1.2000,0.751358
1727,router_5_3,router_3_2,1.9000,0.774132
1728,router_5_3,router_2_2,1.2000,0.388134
1729,router_6_3,router_2_2,3.1000,0.503596
1730,router_6_3,router_2_2,2.6000,0.686068
1731,router_6_3,router_2_2,4.1001,0.389072
1732,router_6_3,router_1_2,3.1000,0.401680
1733,router_7_3,router_1_2,2.4000,0.374060
1734,router_7_3,router_1_2,2.4000,0.477543
1735,router_7_3,router_1_2,2.4000,0.296359
1736,router_7_3,router_0_2,4.6001,0.485792
1737,router_0_3,router_7_2,2.4000,0.265538
1738,router_1_3,router_7_2,2.4000,0.394204
1739,router_1_3,router_7_2,2.5000,0.524631
1740,router_1_3,router_7_2,3.7001,0.506246
1741,router_1_3,router_6_2,3.3001,0.558115
1742,router_2_3,router_6_2,2.5000,0.527542
1743,router_2_3,router_6_2,2.5000,0.592364
1744,router_2_3,router_6_2,2.9000,0.591088
1745,router_2_3,router_5_2,1.7000,0.663714
1746,router_3_3,router_5_2,2.4000,0.811836
1747,router_3_3,router_5_2,1.9000,0.812136
1748,router_3_3,router_5_2,3.4001,0.807062
1749,router_3_3,router_4_2,1.8000,0.877292
1750,router_4_3,router_4_2,0.3000,0.813293
1751,router_4_3,router_4_2,0.3000,0.750885
1752,router_4_3,router_4_2,0.3000,0.905554
1753,router_4_3,router_3_2,0.6000,0.576072
1754,router_5_3,router_3_2,1.2000,0.804651
1755,router_5_3,router_3_2,1.2000,0.711037
1756,router_5_3,router_3_2,1.2000,0.483631
1757,router_5_3,router_2_2,1.9000,0.533560
1758,router_6_3,router_2_2,4.1001,0.492712
1759,router_6_3,router_2_2,4.1001,0.615722
1760,router_6_3,router_2_2,4.1001,0.654838
1761,router_6_3,router_1_2,2.6000,0.543271
1762,router_7_3,router_1_2,2.6000,0.348868
1763,router_7_3,router_1_2,3.6000,0.524167
1764,router_7_3,router_1_2,4.6001,0.560343
1765,router_7_3,router_0_2,2.6000,0.292531
1766,router_0_3,router_7_2,2.9000,0.414157
1767,router_0_3,router_7_2,2.5000,0.465566
1768,router_1_3,router_7_2,2.9000,0.300890
1769,router_1_3,router_7_2,2.5000,0.542765
1770,router_1_3,router_6_2,2.4000,0.343125
1771,router_1_3,router_6_2,2.4000,0.536634
1772,router_2_3,router_6_2,2.4000,0.437246
1773,router_2_3,router_6_2,2.4000,0.571739
1774,router_2_3,router_5_2,1.2000,0.729251
1775,router_2_3,router_5_2,1.2000,0.636865
1776,router_3_3,router_5_2,1.4000,0.564907
1777,router_3_3,router_5_2,2.4000,0.744729
1778,router_3_3,router_4_2,0.8000,0.756265
1779,router_3_3,router_4_2,0.8000,0.836836
1780,router_4_3,router_4_2,1.5000,0.949813
1781,router_4_3,router_4_2,0.5000,0.949813
1782,router_4_3,router_3_2,0.8000,0.662774
1783,router_4_3,router_3_2,0.8000,0.837932
1784,router_5_3,router_3_2,4.4001,0.768609
1785,router_5_3,router_3_2,6.4001,0.720852
1786,router_5_3,router_2_2,2.9000,0.680562
1787,router_5_3,router_2_2,1.4000,0.530772
1788,router_6_3,router_2_2,2.4000,0.647019
1789,router_6_3,router_2_2,2.7000,0.389585
1790,router_6_3,router_1_2,4.0001,0.457376
1791,router_6_3,router_1_2,3.5000,0.448648
1792,router_7_3,router_1_2,2.4000,0.393404
1793,router_7_3,router_1_2,2.4000,0.476091
1794,router_7_3,router_0_2,2.6000,0.284129
1795,router_7_3,router_0_2,3.1000,0.501946
1796,router_0_3,router_7_2,3.3000,0.263900
1797,router_0_3,router_7_2,5.7001,0.536329
1798,router_1_3,router_7_2,3.7001,0.355196
1799,router_1_3,router_7_2,5.3001,0.517130
1800,router_1_3,router_6_2,2.4000,0.378110
1801,router_1_3,router_6_2,2.4000,0.520807
1802,router_2_3,router_6_2,2.4000,0.638122
1803,router_2_3,router_6_2,2.4000,0.569857
1804,router_2_3,router_5_2,1.2000,0.404915
1805,router_2_3,router_5_2,1.2000,0.638830
1806,router_3_3,router_5_2,1.2000,0.798367
1807,router_3_3,router_5_2,1.2000,0.742492
1808,router_3_3,router_4_2,0.6000,0.799575
1809,router_3_3,router_4_2,0.6000,0.800602
1810,router_4_3,router_4_2,0.3000,0.786374
1811,router_4_3,router_4_2,0.3000,0.774662
1812,router_4_3,router_3_2,0.8000,0.813879
1813,router_4_3,router_3_2,1.3000,0.838089
1814,router_5_3,router_3_2,1.4000,0.570966
1815,router_5_3,router_3_2,1.4000,0.774571
1816,router_5_3,router_2_2,2.9000,0.635469
1817,router_5_3,router_2_2,1.4000,0.659366
1818,router_6_3,router_2_2,2.4000,0.338097
1819,router_6_3,router_2_2,2.4000,0.669550
1820,router_6_3,router_1_2,2.4000,0.316581
1821,router_6_3,router_1_2,4.0001,0.538628
1822,router_7_3,router_1_2,3.6000,0.446796
1823,router_7_3,router_1_2,3.6000,0.522491
1824,router_7_3,router_0_2,5.1001,0.563197
1825,router_7_3,router_0_2,3.1000,0.455068
1826,router_0_3,router_7_2,2.9000,0.291535
1827,router_0_3,router_7_2,2.4000,0.553198
1828,router_0_3,router_7_2,2.4000,0.281260
1829,router_1_3,router_7_2,2.4000,0.414715
1830,router_1_3,router_6_2,2.4000,0.440331
1831,router_1_3,router_6_2,2.4000,0.538705
1832,router_1_3,router_6_2,2.4000,0.344804
1833,router_2_3,router_6_2,2.5000,0.621754
1834,router_2_3,router_5_2,1.7000,0.529055
1835,router_2_3,router_5_2,2.1000,0.690984
1836,router_2_3,router_5_2,1.3000,0.526020
1837,router_3_3,router_5_2,1.2000,0.591559
1838,router_3_3,router_4_2,0.7000,0.734176
1839,router_3_3,router_4_2,0.8000,0.857998
1840,router_3_3,router_4_2,1.3000,0.838560
1841,router_4_3,router_4_2,2.0001,0.949813
1842,router_4_3,router_3_2,0.8000,0.776954
1843,router_4_3,router_3_2,4.3001,0.832470
1844,router_4_3,router_3_2,1.8000,0.832470
1845,router_5_3,router_3_2,2.1000,0.605497
1846,router_5_3,router_2_2,1.2000,0.425786
1847,router_5_3,router_2_2,2.9000,0.748762
1848,router_5_3,router_2_2,1.4000,0.459083
1849,router_6_3,router_2_2,3.6000,0.520866
1850,router_6_3,router_1_2,2.5000,0.451136
1851,router_6_3,router_1_2,2.4000,0.543049
1852,router_6_3,router_1_2,4.5001,0.342629
1853,router_7_3,router_1_2,2.4000,0.496702
1854,router_7_3,router_0_2,2.4000,0.278933
1855,router_7_3,router_0_2,2.4000,0.441343
1856,router_7_3,router_0_2,2.6000,0.288120
1857,router_0_3,router_7_2,2.5000,0.326195
1858,router_0_3,router_7_2,6.5001,0.450591
1859,router_0_3,router_7_2,2.4000,0.452975
1860,router_1_3,router_7_2,2.4000,0.465150
1861,router_1_3,router_6_2,2.4000,0.319598
1862,router_1_3,router_6_2,2.4000,0.519726
1863,router_1_3,router_6_2,3.7001,0.595502
1864,router_2_3,router_6_2,4.5001,0.344174
1865,router_2_3,router_5_2,1.7000,0.639797
1866,router_2_3,router_5_2,1.3000,0.662764
1867,router_2_3,router_5_2,1.3000,0.662434
1868,router_3_3,router_5_2,1.8000,0.451061
1869,router_3_3,router_4_2,0.7000,0.699803
1870,router_3_3,router_4_2,2.7001,0.835117
1871,router_3_3,router_4_2,0.7000,0.835117
1872,router_4_3,router_4_2,0.3000,0.666534
1873,router_4_3,router_3_2,0.8000,0.867696
1874,router_4_3,router_3_2,0.8000,0.839502
1875,router_4_3,router_3_2,1.3000,0.717444
1876,router_5_3,router_3_2,3.1001,0.586202
1877,router_5_3,router_2_2,1.4000,0.516032
1878,router_5_3,router_2_2,1.4000,0.581099
1879,router_5_3,router_2_2,1.2000,0.662850
1880,router_6_3,router_2_2,3.1000,0.577619
1881,router_6_3,router_1_2,3.6000,0.321645
1882,router_6_3,router_1_2,2.6000,0.537399
1883,router_6_3,router_1_2,3.6000,0.594926
1884,router_7_3,router_1_2,2.4000,0.294934
1885,router_7_3,router_0_2,2.4000,0.351398
1886,router_7_3,router_0_2,4.1001,0.359538
1887,router_7_3,router_0_2,3.1000,0.462881
1888,router_0_3,router_7_2,3.3001,0.498661
1889,router_0_3,router_7_2,2.5000,0.453501
1890,router_0_3,router_7_2,2.5000,0.291804
1891,router_0_3,router_7_2,2.5000,0.453664
1892,router_1_3,router_6_2,3.5001,0.631080
1893,router_1_3,router_6_2,4.3001,0.601217
1894,router_1_3,router_6_2,2.9000,0.417380
1895,router_1_3,router_6_2,2.5000,0.580235
1896,router_2_3,router_5_2,3.3001,0.714279
1897,router_2_3,router_5_2,1.7000,0.658493
1898,router_2_3,router_5_2,1.3000,0.663756
1899,router_2_3,router_5_2,1.3000,0.664750
1900,router_3_3,router_4_2,0.7000,0.710365
1901,router_3_3,router_4_2,1.1000,0.837306
1902,router_3_3,router_4_2,0.7000,0.839188
1903,router_3_3,router_4_2,1.5000,0.836680
1904,router_4_3,router_3_2,0.6000,0.813902
1905,router_4_3,router_3_2,0.6000,0.803694
1906,router_4_3,router_3_2,0.6000,0.599258
1907,router_4_3,router_3_2,0.6000,0.800896
1908,router_5_3,router_2_2,6.4001,0.732611
1909,router_5_3,router_2_2,1.9000,0.715266
1910,router_5_3,router_2_2,3.9001,0.530436
1911,router_5_3,router_2_2,1.4000,0.689692
1912,router_6_3,router_1_2,3.1000,0.633815
1913,router_6_3,router_1_2,3.1000,0.579444
1914,router_6_3,router_1_2,3.1000,0.344385
1915,router_6_3,router_1_2,3.1000,0.539476
1916,router_7_3,router_0_2,5.1001,0.553574
1917,router_7_3,router_0_2,2.6000,0.304951
1918,router_7_3,router_0_2,3.1000,0.466835
1919,router_7_3,router_0_2,3.1000,0.359130
1920,router_0_3,router_7_2,2.5000,0.268049
1921,router_0_3,router_7_2,3.7001,0.557102
1922,router_0_3,router_7_2,2.5000,0.290966
1923,router_0_3,router_7_2,2.9000,0.454534
1924,router_1_3,router_6_2,2.4000,0.409067
1925,router_1_3,router_6_2,2.4000,0.523055
1926,router_1_3,router_6_2,4.1001,0.650493
1927,router_1_3,router_6_2,2.5000,0.536940
1928,router_2_3,router_5_2,1.2000,0.394472
1929,router_2_3,router_5_2,1.2000,0.637691
1930,router_2_3,router_5_2,1.2000,0.470925
1931,router_2_3,router_5_2,1.2000,0.639972
1932,router_3_3,router_4_2,0.6000,0.835411
1933,router_3_3,router_4_2,0.6000,0.800455
1934,router_3_3,router_4_2,0.6000,0.599445
1935,router_3_3,router_4_2,0.6000,0.801631
1936,router_4_3,router_3_2,0.6000,0.868818
1937,router_4_3,router_3_2,0.6000,0.800162
1938,router_4_3,router_3_2,0.6000,0.599631
1939,router_4_3,router_3_2,0.6000,0.802219
1940,router_5_3,router_2_2,1.9000,0.585439
1941,router_5_3,router_2_2,2.4000,0.691219
1942,router_5_3,router_2_2,1.2000,0.680188
1943,router_5_3,router_2_2,2.4000,0.661445
1944,router_6_3,router_1_2,4.1001,0.315447
1945,router_6_3,router_1_2,2.6000,0.537706
1946,router_6_3,router_1_2,2.6000,0.614329
1947,router_6_3,router_1_2,4.6001,0.552820
1948,router_7_3,router_0_2,2.4000,0.272546
1949,router_7_3,router_0_2,2.4000,0.441446
1950,router_7_3,router_0_2,3.1000,0.554535
1951,router_7_3,router_0_2,4.1001,0.494741
1952,router_0_3,router_7_2,2.4000,0.266544
1953,router_0_3,router_7_2,2.4000,0.440478
1954,router_0_3,router_7_2,3.3000,0.537733
1955,router_0_3,router_6_2,4.5001,0.507685
1956,router_1_3,router_6_2,5.7001,0.358922
1957,router_1_3,router_6_2,3.3001,0.551611
1958,router_1_3,router_6_2,4.9001,0.601356
1959,router_1_3,router_5_2,4.1001,0.387365
1960,router_2_3,router_5_2,1.3000,0.542190
1961,router_2_3,router_5_2,1.2000,0.503723
1962,router_2_3,router_5_2,1.2000,0.636556
1963,router_2_3,router_4_2,1.2000,0.800066
1964,router_3_3,router_4_2,0.6000,0.790123
1965,router_3_3,router_4_2,0.6000,0.599258
1966,router_3_3,router_4_2,0.6000,0.799575
1967,router_3_3,router_3_2,0.3000,0.907129
1968,router_4_3,router_3_2,0.6000,0.823048
1969,router_4_3,router_3_2,0.6000,0.803546
1970,router_4_3,router_3_2,0.6000,0.799429
1971,router_4_3,router_2_2,1.9000,0.658705
1972,router_5_3,router_2_2,1.9000,0.566976
1973,router_5_3,router_2_2,1.9000,0.636063
1974,router_5_3,router_2_2,2.4000,0.662214
1975,router_5_3,router_1_2,3.1000,0.349617
1976,router_6_3,router_1_2,3.1000,0.652563
1977,router_6_3,router_1_2,4.6001,0.341357
1978,router_6_3,router_1_2,2.6000,0.536557
1979,router_6_3,router_0_2,2.6000,0.403123
1980,router_7_3,router_0_2,4.1001,0.422679
1981,router_7_3,router_0_2,3.1000,0.291020
1982,router_7_3,router_0_2,2.6000,0.492385
1983,router_7_3,router_7_1,1.3000,0.877627
1984,router_0_3,router_7_2,4.1001,0.291604
1985,router_0_3,router_7_2,2.9000,0.463052
1986,router_0_3,router_7_2,2.9000,0.574681
1987,router_0_3,router_6_2,4.9001,0.505547
1988,router_1_3,router_6_2,3.6000,0.342501
1989,router_1_3,router_6_2,3.1000,0.556967
1990,router_1_3,router_6_2,2.9000,0.653466
1991,router_1_3,router_5_2,3.3001,0.642135
1992,router_2_3,router_5_2,2.1000,0.656997
1993,router_2_3,router_5_2,1.3000,0.693697
1994,router_2_3,router_5_2,1.7000,0.692280
1995,router_2_3,router_4_2,1.3000,0.744861
1996,router_3_3,router_4_2,0.8000,0.841707
1997,router_3_3,router_4_2,1.3000,0.836054
1998,router_3_3,router_4_2,0.8000,0.857709
1999,router_3_3,router_3_2,0.3000,0.918427
2000,router_4_3,router_3_2,0.6000,0.744433
2001,router_4_3,router_3_2,0.6000,0.801190
2015,router_7_3,router_7_1,2.8001,0.878464

AVERAGES,,,1.7105,0.665984
E2E_LATENCY,,,6555.4598,
